,category,merchant_name
0,gas_transport,"Tillman, Dickinson and Labadie"
1,gas_transport,Kuvalis Ltd
2,gas_transport,"Robel, Cummerata and Prosacco"
3,gas_transport,Bernhard Inc
4,gas_transport,Kling Inc
5,gas_transport,Rodriguez Group
6,gas_transport,Brekke and Sons
7,gas_transport,"Raynor, Reinger and Hagenes"
8,gas_transport,Erdman-Kertzmann
9,gas_transport,Bartoletti-Wunsch
10,gas_transport,"Schaefer, Maggio and Daugherty"
11,gas_transport,"Streich, Hansen and Veum"
12,gas_transport,Friesen-D'Amore
13,gas_transport,Parisian and Sons
14,gas_transport,"Schaefer, McGlynn and Bosco"
15,gas_transport,"Reilly, Heaney and Cole"
16,gas_transport,Bins-Rice
17,gas_transport,Prohaska-Murray
18,gas_transport,Kutch LLC
19,gas_transport,Corwin-Collins
20,gas_transport,Sporer Inc
21,gas_transport,Heller-Langosh
22,gas_transport,Torp-Labadie
23,gas_transport,"Eichmann, Bogan and Rodriguez"
24,gas_transport,"Stroman, Hudson and Erdman"
25,gas_transport,Cummings LLC
26,gas_transport,"Greenholt, Jacobi and Gleason"
27,gas_transport,Mraz-Herzog
28,gas_transport,"Olson, Becker and Koch"
29,gas_transport,"Raynor, Feest and Miller"
30,gas_transport,Ledner-Pfannerstill
31,gas_transport,Cummerata-Jones
32,gas_transport,Emard Inc
33,gas_transport,Luettgen PLC
34,gas_transport,Huels-Nolan
35,gas_transport,"Zieme, Bode and Dooley"
36,gas_transport,Conroy-Cruickshank
37,gas_transport,Harber Inc
38,gas_transport,Koss and Sons
39,gas_transport,"Kutch, Hermiston and Farrell"
40,gas_transport,Huels-Hahn
41,gas_transport,Harris Inc
42,gas_transport,"Connelly, Reichert and Fritsch"
43,gas_transport,"Lind, Huel and McClure"
44,gas_transport,Schmitt Inc
45,gas_transport,Marks Inc
46,gas_transport,Berge LLC
47,gas_transport,"Christiansen, Goyette and Schamberger"
48,gas_transport,Friesen-Stamm
49,gas_transport,"Jenkins, Hauck and Friesen"
50,grocery_net,Hills-Olson
51,grocery_net,VonRueden Group
52,grocery_net,Murray Ltd
53,grocery_net,"Bernier, Streich and Jewess"
54,grocery_net,"Kohler, Lindgren and Koelpin"
55,grocery_net,"Harris, Gusikowski and Heaney"
56,grocery_net,Wiegand-Lowe
57,grocery_net,Ortiz Group
58,grocery_net,Paucek-Wiza
59,grocery_net,Roob LLC
60,grocery_net,Bahringer-Larson
61,grocery_net,McCullough Group
62,grocery_net,Shields Inc
63,grocery_net,"Swaniawski, Bahringer and Ledner"
64,grocery_net,Collier Inc
65,grocery_net,"Adams, Kovacek and Kuhlman"
66,grocery_net,Dach-Borer
67,grocery_net,Cassin-Harvey
68,grocery_net,Hintz-Bruen
69,grocery_net,"Johnston, Nikolaus and Maggio"
70,grocery_net,Smitham-Boehm
71,grocery_net,Kutch-Hegmann
72,grocery_net,Spinka-Welch
73,grocery_net,Wuckert-Walter
74,grocery_net,"Towne, Walker and Borer"
75,grocery_net,Spinka Inc
76,grocery_net,Kutch Group
77,grocery_net,"Rutherford, Homenick and Bergstrom"
78,grocery_net,Cummings Group
79,grocery_net,Pfeffer LLC
80,grocery_net,Runolfsson and Sons
81,grocery_net,Jaskolski-Dibbert
82,grocery_net,Rowe-Vandervort
83,grocery_net,Skiles-Ankunding
84,grocery_net,Trantow PLC
85,grocery_net,Emmerich-Luettgen
86,grocery_net,Rempel PLC
87,grocery_net,Smitham-Schiller
88,grocery_net,"Ferry, Reichel and DuBuque"
89,grocery_net,Kemmer-Reinger
90,grocery_net,Funk Group
91,grocery_net,Morar Inc
92,grocery_net,Gutmann Ltd
93,grocery_net,Dicki Ltd
94,grocery_net,Kling-Grant
95,grocery_net,Heller-Abshire
96,grocery_net,"Stokes, Christiansen and Sipes"
97,grocery_net,"Swift, Bradtke and Marquardt"
98,grocery_net,"Tromp, Kerluke and Glover"
99,grocery_net,"Morissette, Weber and Wiegand"
100,grocery_pos,Padberg-Welch
101,grocery_pos,Murray-Smitham
102,grocery_pos,Kuhic Inc
103,grocery_pos,Cartwright-Harris
104,grocery_pos,Kiehn-Emmerich
105,grocery_pos,Koepp-Parker
106,grocery_pos,"Mosciski, Gislason and Mertz"
107,grocery_pos,Auer-Mosciski
108,grocery_pos,"Kovacek, Dibbert and Ondricka"
109,grocery_pos,Lockman Ltd
110,grocery_pos,Rutherford-Mertz
111,grocery_pos,"Goldner, Kovacek and Abbott"
112,grocery_pos,Bailey-Morar
113,grocery_pos,Koepp-Witting
114,grocery_pos,Miller-Hauck
115,grocery_pos,Bradtke PLC
116,grocery_pos,"Schoen, Kuphal and Nitzsche"
117,grocery_pos,Stracke-Lemke
118,grocery_pos,Deckow-O'Conner
119,grocery_pos,Doyle Ltd
120,grocery_pos,"Casper, Hand and Zulauf"
121,grocery_pos,Wolf Inc
122,grocery_pos,Rau and Sons
123,grocery_pos,Kutch and Sons
124,grocery_pos,DuBuque LLC
125,grocery_pos,Bauch-Raynor
126,grocery_pos,Kunze Inc
127,grocery_pos,Kilback LLC
128,grocery_pos,"Schultz, Simonis and Little"
129,grocery_pos,O'Keefe-Hudson
130,grocery_pos,Hackett-Lueilwitz
131,grocery_pos,Barton Inc
132,grocery_pos,Goodwin-Nitzsche
133,grocery_pos,Kiehn Inc
134,grocery_pos,"Schumm, Bauch and Ondricka"
135,grocery_pos,Heidenreich PLC
136,grocery_pos,Hudson-Ratke
137,grocery_pos,Vandervort-Funk
138,grocery_pos,Schamberger-O'Keefe
139,grocery_pos,"Huel, Hammes and Witting"
140,grocery_pos,"Rowe, Batz and Goodwin"
141,grocery_pos,Cole PLC
142,grocery_pos,"Heller, Gutmann and Zieme"
143,grocery_pos,"Moen, Reinger and Murphy"
144,grocery_pos,"Osinski, Ledner and Leuschke"
145,grocery_pos,Bogisich Inc
146,grocery_pos,McDermott-Weimann
147,grocery_pos,Pacocha-O'Reilly
148,grocery_pos,"Lockman, West and Runte"
149,grocery_pos,Strosin-Cruickshank
150,pharmacy,Cormier-Bechtelar
151,pharmacy,O'Conner Ltd
152,pharmacy,Carter Group
153,pharmacy,Green-Pacocha
154,pharmacy,Ratke Group
155,pharmacy,Kozey Group
156,pharmacy,Jerde Inc
157,pharmacy,Lindgren-Langosh
158,pharmacy,Klein and Sons
159,pharmacy,Barton and Sons
160,pharmacy,Terry-Ratke
161,pharmacy,Stokes-Kemmer
162,pharmacy,Nitzsche Ltd
163,pharmacy,Leuschke-Heller
164,pharmacy,"Stroman, Kilback and Schowalter"
165,pharmacy,"Rau, Yundt and Marks"
166,pharmacy,Prohaska Group
167,pharmacy,"Breitenberg, Mitchell and Hegmann"
168,pharmacy,Cummings-Lubowitz
169,pharmacy,Heidenreich and Sons
170,pharmacy,Feest PLC
171,pharmacy,Abbott Group
172,pharmacy,Torphy-Walter
173,pharmacy,Johnston-Hansen
174,pharmacy,Homenick-Block
175,pharmacy,Ziemann-Cronin
176,pharmacy,Herman Ltd
177,pharmacy,Ebert PLC
178,pharmacy,"Casper, Cole and Labadie"
179,pharmacy,"DuBuque, Treutel and Bogisich"
180,pharmacy,Muller-Kertzmann
181,pharmacy,Medhurst-Roob
182,pharmacy,Rohan-Grant
183,pharmacy,Kuhic Inc
184,pharmacy,Kohler and Sons
185,pharmacy,Farrell Inc
186,pharmacy,"Berge, Satterfield and Howe"
187,pharmacy,Lebsack Inc
188,pharmacy,"Little, Tillman and Will"
189,pharmacy,Schowalter-Hilll
190,pharmacy,Ferry-White
191,pharmacy,Bartoletti Inc
192,pharmacy,"Wuckert, Hahn and VonRueden"
193,pharmacy,"Dickinson, Daniel and Schmidt"
194,pharmacy,Hammes Ltd
195,pharmacy,Quigley-Kutch
196,pharmacy,Hirthe LLC
197,pharmacy,"Huels, Cole and Hand"
198,pharmacy,Wintheiser PLC
199,pharmacy,"Kozey, Conn and Hammes"
200,misc_net,"Lehner, Mosciski and King"
201,misc_net,"Hayes, Marquardt and Dibbert"
202,misc_net,Kerluke Inc
203,misc_net,Nader-Heller
204,misc_net,Flatley-Durgan
205,misc_net,McGlynn-Heathcote
206,misc_net,"Kerluke, Kertzmann and Wiza"
207,misc_net,Kerluke PLC
208,misc_net,Donnelly PLC
209,misc_net,Durgan-Auer
210,misc_net,Kris-Weimann
211,misc_net,Koelpin and Sons
212,misc_net,Ruecker Group
213,misc_net,Corwin-Gorczany
214,misc_net,Dooley-Thompson
215,misc_net,"Greenfelder, Bartoletti and Davis"
216,misc_net,Brown PLC
217,misc_net,"Tillman, Fritsch and Schmitt"
218,misc_net,Volkman Ltd
219,misc_net,Dach-Nader
220,misc_net,"Rippin, Kub and Mann"
221,misc_net,"Herman, Treutel and Dickens"
222,misc_net,Jaskolski-Vandervort
223,misc_net,Huel-Langworth
224,misc_net,"Kerluke, Considine and Macejkovic"
225,misc_net,"Johnson, Runolfsdottir and Mayer"
226,misc_net,Bogisich-Homenick
227,misc_net,"Stehr, Jewess and Schimmel"
228,misc_net,"Rohan, White and Aufderhar"
229,misc_net,Kuphal-Predovic
230,misc_net,Bednar Group
231,misc_net,Welch Inc
232,misc_net,"Jones, Sawayn and Romaguera"
233,misc_net,Hamill-Daugherty
234,misc_net,Lebsack and Sons
235,misc_net,Schmitt Ltd
236,misc_net,Kunde-Sanford
237,misc_net,Mante Group
238,misc_net,"Rodriguez, Yost and Jenkins"
239,misc_net,"Moore, Dibbert and Koepp"
240,misc_net,"Ferry, Lynch and Kautzer"
241,misc_net,Block-Parisian
242,misc_net,Zemlak Group
243,misc_net,Miller-Harris
244,misc_net,Huel Ltd
245,misc_net,Kuhn LLC
246,misc_net,Kuphal-Bartoletti
247,misc_net,"Parisian, Schiller and Altenwerth"
248,misc_net,Klocko LLC
249,misc_net,"Bernier, Volkman and Hoeger"
250,misc_pos,Keeling-Crist
251,misc_pos,"Wiza, Schaden and Stark"
252,misc_pos,"Boehm, Predovic and Reinger"
253,misc_pos,Simonis-Prohaska
254,misc_pos,Flatley Group
255,misc_pos,Wisozk and Sons
256,misc_pos,"Cremin, Hamill and Reichel"
257,misc_pos,Block Group
258,misc_pos,Reynolds-Schinner
259,misc_pos,Haley Group
260,misc_pos,Christiansen-Gusikowski
261,misc_pos,Howe Ltd
262,misc_pos,Torp-Lemke
263,misc_pos,Maggio-Fahey
264,misc_pos,Boyer PLC
265,misc_pos,"Lehner, Reichert and Mills"
266,misc_pos,"Yost, Block and Koepp"
267,misc_pos,Turcotte-Halvorson
268,misc_pos,Towne LLC
269,misc_pos,Eichmann-Russel
270,misc_pos,Stiedemann Inc
271,misc_pos,"Wintheiser, Dietrich and Schimmel"
272,misc_pos,McDermott-Rice
273,misc_pos,Bruen-Yost
274,misc_pos,McCullough LLC
275,misc_pos,Gutmann-Upton
276,misc_pos,Kemmer-Buckridge
277,misc_pos,Herman Inc
278,misc_pos,Buckridge PLC
279,misc_pos,"Terry, Johns and Bins"
280,misc_pos,Balistreri-Nader
281,misc_pos,Roberts-Beahan
282,misc_pos,Dickinson Ltd
283,misc_pos,Spencer-Runolfsson
284,misc_pos,Hermann-Gaylord
285,misc_pos,Dickinson-Rempel
286,misc_pos,Smith-Stokes
287,misc_pos,"Monahan, Bogisich and Ledner"
288,misc_pos,Williamson LLC
289,misc_pos,Stamm-Rodriguez
290,misc_pos,Schmeler Inc
291,misc_pos,McGlynn-Jaskolski
292,misc_pos,"Nienow, Ankunding and Collier"
293,misc_pos,Herzog Ltd
294,misc_pos,Halvorson Group
295,misc_pos,"Boehm, Block and Jakubowski"
296,misc_pos,"Turner, Ruecker and Parisian"
297,misc_pos,Thiel PLC
298,misc_pos,Wiza LLC
299,misc_pos,Gislason Group
300,shopping_net,Cormier LLC
301,shopping_net,"Reichert, Rowe and Mraz"
302,shopping_net,Bashirian Group
303,shopping_net,"Langworth, Boehm and Gulgowski"
304,shopping_net,"Greenholt, O'Hara and Balistreri"
305,shopping_net,Kozey-Boehm
306,shopping_net,Boyer-Reichert
307,shopping_net,Heathcote LLC
308,shopping_net,Boyer PLC
309,shopping_net,Kerluke-Abshire
310,shopping_net,Gerlach Inc
311,shopping_net,Goyette Inc
312,shopping_net,"Baumbach, Feeney and Morar"
313,shopping_net,"Gottlieb, Considine and Schultz"
314,shopping_net,"Kuhic, Bins and Pfeffer"
315,shopping_net,Kassulke PLC
316,shopping_net,"Reichert, Shanahan and Hayes"
317,shopping_net,"Stanton, Jakubowski and Baumbach"
318,shopping_net,Jast Ltd
319,shopping_net,Schmidt and Sons
320,shopping_net,Kuhic LLC
321,shopping_net,"Schmeler, Bashirian and Price"
322,shopping_net,"Ruecker, Beer and Collier"
323,shopping_net,"Heathcote, Yost and Kertzmann"
324,shopping_net,"Little, Gutmann and Lynch"
325,shopping_net,Predovic Inc
326,shopping_net,"Romaguera, Cruickshank and Greenholt"
327,shopping_net,Hills-Witting
328,shopping_net,Fisher Inc
329,shopping_net,Mohr-Bayer
330,shopping_net,Lemke-Gutmann
331,shopping_net,Gleason-Macejkovic
332,shopping_net,"Mosciski, Ziemann and Farrell"
333,shopping_net,Schumm PLC
334,shopping_net,"Zboncak, Rowe and Murazik"
335,shopping_net,Fisher-Schowalter
336,shopping_net,Rempel Inc
337,shopping_net,Medhurst PLC
338,shopping_net,"Kihn, Abernathy and Douglas"
339,shopping_net,Stamm-Witting
340,shopping_net,"Towne, Greenholt and Koepp"
341,shopping_net,Volkman-Predovic
342,shopping_net,"Altenwerth, Cartwright and Koss"
343,shopping_net,Price Inc
344,shopping_net,Ankunding LLC
345,shopping_net,Terry-Huel
346,shopping_net,"Streich, Dietrich and Barton"
347,shopping_net,"Labadie, Treutel and Bode"
348,shopping_net,Auer-West
349,shopping_net,"Reichert, Huels and Hoppe"
350,shopping_pos,"Roob, Conn and Tremblay"
351,shopping_pos,Pfeffer and Sons
352,shopping_pos,"Goyette, Howell and Collier"
353,shopping_pos,"Weimann, Kuhic and Beahan"
354,shopping_pos,Stoltenberg-Beatty
355,shopping_pos,"Watsica, Haag and Considine"
356,shopping_pos,"Swaniawski, Lowe and Robel"
357,shopping_pos,Kris-Padberg
358,shopping_pos,"Baumbach, Strosin and Nicolas"
359,shopping_pos,Pacocha-Bauch
360,shopping_pos,"Quitzon, Green and Bashirian"
361,shopping_pos,Morissette PLC
362,shopping_pos,"Willms, Kris and Bergnaum"
363,shopping_pos,Lesch Ltd
364,shopping_pos,Macejkovic-Lesch
365,shopping_pos,Turner and Sons
366,shopping_pos,Lynch Ltd
367,shopping_pos,Hickle Group
368,shopping_pos,Barrows PLC
369,shopping_pos,Beier-Hyatt
370,shopping_pos,"Haley, Jewess and Bechtelar"
371,shopping_pos,"Schuppe, Nolan and Hoeger"
372,shopping_pos,Hermann and Sons
373,shopping_pos,Botsford Ltd
374,shopping_pos,Jast-McDermott
375,shopping_pos,Jacobi and Sons
376,shopping_pos,Mohr Inc
377,shopping_pos,Pagac LLC
378,shopping_pos,Sawayn PLC
379,shopping_pos,Pouros-Conroy
380,shopping_pos,"Baumbach, Hodkiewicz and Walsh"
381,shopping_pos,Hudson-Grady
382,shopping_pos,"Bernhard, Grant and Langworth"
383,shopping_pos,Mayert Group
384,shopping_pos,Conroy Ltd
385,shopping_pos,Metz-Boehm
386,shopping_pos,"Douglas, Schneider and Turner"
387,shopping_pos,Torphy-Goyette
388,shopping_pos,Friesen Inc
389,shopping_pos,Kihn Inc
390,shopping_pos,Kuhn LLC
391,shopping_pos,"Nitzsche, Kessler and Wolff"
392,shopping_pos,Pouros-Haag
393,shopping_pos,Dooley Inc
394,shopping_pos,"Daugherty, Pouros and Beahan"
395,shopping_pos,"Bins, Balistreri and Beatty"
396,shopping_pos,"Bahringer, Schoen and Corkery"
397,shopping_pos,"Okuneva, Schneider and Rau"
398,shopping_pos,Jewess LLC
399,shopping_pos,Denesik and Sons
400,utilities,"Herman, Rice and Hamill"
401,utilities,Romaguera Ltd
402,utilities,Von Ltd
403,utilities,Lebsack Ltd
404,utilities,Torphy LLC
405,utilities,Kulas-Veum
406,utilities,D'Amore-Kozey
407,utilities,Gottlieb-Mayer
408,utilities,"Nienow, Murphy and Von"
409,utilities,Hirthe and Sons
410,utilities,"Trantow, Barrows and Lehner"
411,utilities,Abshire PLC
412,utilities,Brekke PLC
413,utilities,Stanton PLC
414,utilities,McDermott PLC
415,utilities,Huel PLC
416,utilities,Bergnaum-Kling
417,utilities,Waters-Farrell
418,utilities,"Littel, Dare and Wuckert"
419,utilities,"Barrows, Veum and Sanford"
420,utilities,"Blick, Schroeder and Nader"
421,utilities,Rutherford-Bradtke
422,utilities,Kuphal-Schmidt
423,utilities,"Vandervort, Crooks and Lockman"
424,utilities,Weber LLC
425,utilities,Gislason-Hills
426,utilities,Pouros LLC
427,utilities,Homenick Group
428,utilities,Steuber-Kertzmann
429,utilities,Hegmann Inc
430,utilities,Ratke-Herman
431,utilities,Parisian and Sons
432,utilities,Renner Inc
433,utilities,Lang-Leuschke
434,utilities,Hackett LLC
435,utilities,Zieme Group
436,utilities,Murphy Group
437,utilities,"Gutkowski, Muller and McCullough"
438,utilities,Mohr PLC
439,utilities,Gerlach Inc
440,utilities,Cruickshank PLC
441,utilities,Schoen-Stark
442,utilities,Labadie LLC
443,utilities,Ledner-Skiles
444,utilities,"Wolf, Marks and Kovacek"
445,utilities,"Donnelly, Funk and Kerluke"
446,utilities,"Hills, Mosciski and Yundt"
447,utilities,Mueller Group
448,utilities,Parker-Conn
449,utilities,"Fadel, Green and Tillman"
450,entertainment,Cruickshank-Mills
451,entertainment,Nienow PLC
452,entertainment,Grimes LLC
453,entertainment,Kilback and Sons
454,entertainment,Abbott-Rogahn
455,entertainment,Wilkinson Ltd
456,entertainment,Larson-Moen
457,entertainment,Morissette LLC
458,entertainment,Lind-Buckridge
459,entertainment,"Nicolas, Hills and McGlynn"
460,entertainment,"Turcotte, McKenzie and Koss"
461,entertainment,Johns Inc
462,entertainment,"Larkin, Stracke and Greenfelder"
463,entertainment,Upton PLC
464,entertainment,Douglas-White
465,entertainment,Gibson-Deckow
466,entertainment,Bins-Tillman
467,entertainment,"Effertz, Welch and Schowalter"
468,entertainment,Bauch-Blanda
469,entertainment,"Parker, Nolan and Trantow"
470,entertainment,Abshire PLC
471,entertainment,Donnelly LLC
472,entertainment,Dare-Marvin
473,entertainment,Thiel-Thiel
474,entertainment,Goldner-Lemke
475,entertainment,"Schroeder, Hauck and Treutel"
476,entertainment,Dibbert-Green
477,entertainment,Heaney-Marquardt
478,entertainment,"Cormier, Stracke and Thiel"
479,entertainment,Brown-Greenholt
480,entertainment,"Hoppe, Harris and Bednar"
481,entertainment,Effertz LLC
482,entertainment,Frami Group
483,entertainment,Cummerata-Hilpert
484,entertainment,Kling-Ernser
485,entertainment,Beier LLC
486,entertainment,Reichel Inc
487,entertainment,Spencer PLC
488,entertainment,"Runolfsdottir, Mueller and Hand"
489,entertainment,"Schaefer, Fay and Hilll"
490,entertainment,Stark-Batz
491,entertainment,Padberg-Rogahn
492,entertainment,Johns-Hoeger
493,entertainment,"Welch, Rath and Koepp"
494,entertainment,"Fadel, Mertz and Rippin"
495,entertainment,Howe PLC
496,entertainment,Schuppe LLC
497,entertainment,Dibbert and Sons
498,entertainment,Kassulke Inc
499,entertainment,Klein Group
500,food_dining,Schuppe-Schuppe
501,food_dining,McKenzie-Huels
502,food_dining,"Bahringer, Osinski and Block"
503,food_dining,"Konopelski, Schneider and Hartmann"
504,food_dining,"Schumm, McLaughlin and Carter"
505,food_dining,"Koss, McLaughlin and Mayer"
506,food_dining,Bechtelar-Rippin
507,food_dining,Stiedemann Ltd
508,food_dining,"Feil, Hilpert and Koss"
509,food_dining,Kihn-Schuster
510,food_dining,Powlowski-Weimann
511,food_dining,"Hermiston, Russel and Price"
512,food_dining,"Graham, Hegmann and Hammes"
513,food_dining,Haag-Blanda
514,food_dining,Will Ltd
515,food_dining,"Kutch, Steuber and Gerhold"
516,food_dining,Kilback LLC
517,food_dining,Ernser-Lynch
518,food_dining,Volkman PLC
519,food_dining,Kilback Group
520,food_dining,Harris Group
521,food_dining,"Lesch, D'Amore and Brown"
522,food_dining,Schulist Ltd
523,food_dining,O'Hara-Wilderman
524,food_dining,Jast and Sons
525,food_dining,Abernathy and Sons
526,food_dining,"Hagenes, Kohler and Hoppe"
527,food_dining,"Turner, Ziemann and Lehner"
528,food_dining,Conroy-Emard
529,food_dining,Jakubowski Group
530,food_dining,Deckow-Dare
531,food_dining,Kuphal-Toy
532,food_dining,Kihn-Fritsch
533,food_dining,"Armstrong, Walter and Gottlieb"
534,food_dining,Kuhn Group
535,food_dining,Zboncak Ltd
536,food_dining,Bernhard-Lesch
537,food_dining,"Langosh, Wintheiser and Hyatt"
538,food_dining,Runte-Mohr
539,food_dining,Connelly PLC
540,food_dining,"Lakin, Ferry and Beatty"
541,food_dining,Weber and Sons
542,food_dining,O'Keefe-Wisoky
543,food_dining,Zboncak LLC
544,food_dining,Leannon-Ward
545,food_dining,"Schneider, Hayes and Nikolaus"
546,food_dining,Daugherty-Thompson
547,food_dining,Bahringer-Streich
548,food_dining,"McCullough, Hudson and Schuster"
549,food_dining,"Reinger, Weissnat and Strosin"
550,health_fitness,"Dare, Fritsch and Zboncak"
551,health_fitness,Schroeder Group
552,health_fitness,Feil-Morar
553,health_fitness,Roob-Okuneva
554,health_fitness,Dietrich-Fadel
555,health_fitness,Schumm PLC
556,health_fitness,"Runte, Green and Emard"
557,health_fitness,"Turcotte, Batz and Buckridge"
558,health_fitness,Fadel-Hilpert
559,health_fitness,"Klocko, Runolfsdottir and Breitenberg"
560,health_fitness,"Brown, Homenick and Lesch"
561,health_fitness,"Ledner, Hartmann and Feest"
562,health_fitness,Kulas Group
563,health_fitness,Fritsch and Sons
564,health_fitness,Friesen Ltd
565,health_fitness,Torphy-Kertzmann
566,health_fitness,"Conroy, Balistreri and Gorczany"
567,health_fitness,Kertzmann LLC
568,health_fitness,Shields-Wunsch
569,health_fitness,Ziemann-Waters
570,health_fitness,"Hintz, Bauch and Smith"
571,health_fitness,Rippin-VonRueden
572,health_fitness,"Torp, Muller and Borer"
573,health_fitness,Jacobi Inc
574,health_fitness,Adams-Barrows
575,health_fitness,"Cronin, Kshlerin and Weber"
576,health_fitness,Cormier LLC
577,health_fitness,Graham and Sons
578,health_fitness,Bahringer Group
579,health_fitness,Hamill-D'Amore
580,health_fitness,Romaguera Ltd
581,health_fitness,"Haley, Batz and Auer"
582,health_fitness,Heller PLC
583,health_fitness,Thompson-Gleason
584,health_fitness,Fadel Inc
585,health_fitness,Kub-Heaney
586,health_fitness,"Hills, Hegmann and Schaefer"
587,health_fitness,"Hermiston, Pacocha and Smith"
588,health_fitness,Waters-Cruickshank
589,health_fitness,"Mueller, Gerhold and Mueller"
590,health_fitness,"Hyatt, Russel and Gleichner"
591,health_fitness,Greenholt Ltd
592,health_fitness,Dare-Gibson
593,health_fitness,Hirthe-Beier
594,health_fitness,Ratke and Sons
595,health_fitness,Carroll PLC
596,health_fitness,Erdman-Durgan
597,health_fitness,"Swaniawski, Nitzsche and Welch"
598,health_fitness,"Mante, Luettgen and Hackett"
599,health_fitness,Reilly and Sons
600,home,Botsford PLC
601,home,Renner Ltd
602,home,Ernser-Feest
603,home,Eichmann-Kilback
604,home,Kutch-Wilderman
605,home,"O'Connell, Botsford and Hand"
606,home,"Hettinger, McCullough and Fay"
607,home,Wuckert-Goldner
608,home,"Moore, Williamson and Emmerich"
609,home,O'Connell-Ullrich
610,home,"Cole, Hills and Jewess"
611,home,"O'Reilly, Mohr and Purdy"
612,home,Champlin and Sons
613,home,Gulgowski LLC
614,home,"Schiller, Blanda and Johnson"
615,home,"Wuckert, Wintheiser and Friesen"
616,home,"Denesik, Powlowski and Pouros"
617,home,Reilly LLC
618,home,"Durgan, Gislason and Spencer"
619,home,Champlin-Casper
620,home,Stark-Koss
621,home,"Crist, Jakubowski and Littel"
622,home,"Windler, Goodwin and Kovacek"
623,home,"Witting, Beer and Ernser"
624,home,Schmidt-Larkin
625,home,"Koss, Hansen and Lueilwitz"
626,home,Terry Ltd
627,home,Skiles LLC
628,home,"Bahringer, Bergnaum and Quitzon"
629,home,White and Sons
630,home,Beier and Sons
631,home,"Gutmann, McLaughlin and Wiza"
632,home,Lynch-Wisozk
633,home,Kutch-Ferry
634,home,Botsford and Sons
635,home,Padberg-Sauer
636,home,Altenwerth-Kilback
637,home,"Kling, Howe and Schneider"
638,home,Collier LLC
639,home,Pollich LLC
640,home,Quitzon-Goyette
641,home,"Prosacco, Kreiger and Kovacek"
642,home,Medhurst Inc
643,home,Gaylord-Powlowski
644,home,Jakubowski Inc
645,home,Berge-Ullrich
646,home,Connelly-Carter
647,home,Gerhold LLC
648,home,Streich Ltd
649,home,"McDermott, Osinski and Morar"
650,kids_pets,"Yost, Schamberger and Windler"
651,kids_pets,Gottlieb Group
652,kids_pets,Schaefer Ltd
653,kids_pets,Little Ltd
654,kids_pets,Bode-Schuster
655,kids_pets,Brown Inc
656,kids_pets,Goyette-Gerhold
657,kids_pets,"Hauck, Dietrich and Funk"
658,kids_pets,Weimann-Lockman
659,kids_pets,Windler LLC
660,kids_pets,Breitenberg-Hermiston
661,kids_pets,"Lowe, Dietrich and Erdman"
662,kids_pets,Gleason and Sons
663,kids_pets,Lubowitz-Walter
664,kids_pets,Barton LLC
665,kids_pets,"Metz, Russel and Metz"
666,kids_pets,Cartwright PLC
667,kids_pets,"Weber, Thiel and Hammes"
668,kids_pets,Ullrich Ltd
669,kids_pets,Pacocha-Weissnat
670,kids_pets,"Pouros, Walker and Spencer"
671,kids_pets,Bode-Rempel
672,kids_pets,Hoppe-Parisian
673,kids_pets,Crona and Sons
674,kids_pets,Ruecker-Mayert
675,kids_pets,Hammes-Beatty
676,kids_pets,Schoen-Quigley
677,kids_pets,"Lang, Towne and Schuppe"
678,kids_pets,Schoen Ltd
679,kids_pets,Waelchi-Wolf
680,kids_pets,Bernier and Sons
681,kids_pets,Bogisich-Weimann
682,kids_pets,"Roberts, Daniel and Macejkovic"
683,kids_pets,Schimmel-Olson
684,kids_pets,Waelchi Inc
685,kids_pets,Fahey Inc
686,kids_pets,"Streich, Rolfson and Wilderman"
687,kids_pets,Berge-Hills
688,kids_pets,Larkin Ltd
689,kids_pets,Wilkinson PLC
690,kids_pets,Rau-Grant
691,kids_pets,Hilpert-Conroy
692,kids_pets,Beer-Jast
693,kids_pets,Swift PLC
694,kids_pets,"Romaguera, Wehner and Tromp"
695,kids_pets,Rau-Robel
696,kids_pets,"Dare, Casper and Bartoletti"
697,kids_pets,Nolan-Williamson
698,kids_pets,Bednar PLC
699,kids_pets,Daugherty LLC
700,personal_care,Schiller Ltd
701,personal_care,Leffler-Goldner
702,personal_care,Erdman-Schaden
703,personal_care,Abbott-Steuber
704,personal_care,Emmerich-Rau
705,personal_care,Wilkinson LLC
706,personal_care,Osinski Inc
707,personal_care,"Nienow, Barrows and Romaguera"
708,personal_care,Homenick LLC
709,personal_care,"Berge, Kautzer and Harris"
710,personal_care,"Zemlak, Tillman and Cremin"
711,personal_care,"Bradtke, Torp and Bahringer"
712,personal_care,Prosacco LLC
713,personal_care,Kub PLC
714,personal_care,Nader-Maggio
715,personal_care,Auer LLC
716,personal_care,Parker-Kunde
717,personal_care,Rolfson-Kunde
718,personal_care,"Roberts, Ryan and Smith"
719,personal_care,Crooks and Sons
720,personal_care,Baumbach Ltd
721,personal_care,Bartoletti and Sons
722,personal_care,Marvin-Lind
723,personal_care,Shanahan-Lehner
724,personal_care,Dickinson Ltd
725,personal_care,Schmeler-Howe
726,personal_care,Langworth LLC
727,personal_care,Morissette-Schaefer
728,personal_care,Zulauf LLC
729,personal_care,Gottlieb-Hansen
730,personal_care,"Becker, Harris and Harvey"
731,personal_care,Kirlin and Sons
732,personal_care,"Schoen, Nienow and Bauch"
733,personal_care,Friesen-Ortiz
734,personal_care,"Walter, Hettinger and Kessler"
735,personal_care,Labadie LLC
736,personal_care,Hills-Boyer
737,personal_care,Watsica LLC
738,personal_care,Monahan-Morar
739,personal_care,Yost-Rogahn
740,personal_care,"Kihn, Brakus and Goyette"
741,personal_care,Erdman-Ebert
742,personal_care,Sporer-Keebler
743,personal_care,Reichel LLC
744,personal_care,"Hahn, Bahringer and McLaughlin"
745,personal_care,"Medhurst, Cartwright and Ebert"
746,personal_care,Kozey-Kuhlman
747,personal_care,Bins-Howell
748,personal_care,Kautzer and Sons
749,personal_care,"Lubowitz, Terry and Stracke"
750,travel,"Larson, Quitzon and Spencer"
751,travel,Kovacek Ltd
752,travel,Satterfield-Lowe
753,travel,Kozey-McDermott
754,travel,Corwin-Romaguera
755,travel,"Hagenes, Hermann and Stroman"
756,travel,Breitenberg LLC
757,travel,"McLaughlin, Armstrong and Koepp"
758,travel,"Ritchie, Oberbrunner and Cremin"
759,travel,Leannon-Nikolaus
760,travel,"Ritchie, Bradtke and Stiedemann"
761,travel,"Hodkiewicz, Prohaska and Paucek"
762,travel,Ebert-Daugherty
763,travel,"Kunze, Larkin and Mayert"
764,travel,Thiel Ltd
765,travel,Mosciski Group
766,travel,Lynch-Mohr
767,travel,Kris-Kertzmann
768,travel,Tillman LLC
769,travel,Turner LLC
770,travel,Lemke and Sons
771,travel,"Eichmann, Hayes and Treutel"
772,travel,Hyatt-Blick
773,travel,"Hahn, Douglas and Schowalter"
774,travel,Fritsch LLC
775,travel,Reichert-Weissnat
776,travel,Veum-Koelpin
777,travel,Jerde-Hermann
778,travel,Romaguera and Sons
779,travel,Bednar Inc
780,travel,Ankunding-Carroll
781,travel,Johnston-Casper
782,travel,Boyer-Haley
783,travel,Gislason Group
784,travel,"Reichel, Bradtke and Blanda"
785,travel,Little-Gleichner
786,travel,Tromp Group
787,travel,"Monahan, Hermann and Johns"
788,travel,Treutel-King
789,travel,Kessler Group
790,travel,"Champlin, Rolfson and Connelly"
791,travel,"Schroeder, Wolff and Hermiston"
792,travel,"Kilback, Nitzsche and Leffler"
793,travel,"Medhurst, Labadie and Gottlieb"
794,travel,"Hartmann, Rowe and Hermann"
795,travel,Hackett Group
796,travel,Block-Hauck
797,travel,Kessler Inc
798,travel,Goyette-Herzog
799,travel,"Douglas, DuBuque and McKenzie"
