row1,John,Doe,30,New York
row2,Jane,Smith,25,Los Angeles
row3,Michael,Johnson,40,Chicago
row4,Emily,Brown,35,Houston
row5,David,Williams,28,Miami
row6,Sarah,Jones,33,San Francisco
row7,James,Miller,45,Seattle
row8,Emma,Davis,27,Boston
row9,William,Wilson,32,Philadelphia
row10,Olivia,Taylor,29,Dallas
row11,Alexander,Anderson,38,Atlanta
row12,Mia,Thomas,31,Denver
row13,Benjamin,Jackson,36,Phoenix
row14,Sophia,White,26,Detroit
row15,Ethan,Harris,34,Washington
row16,Isabella,Martin,39,Portland
row17,Mason,Thompson,37,Orlando
row18,Charlotte,Garcia,24,San Diego
row19,Aiden,Martinez,41,Minneapolis
row20,Amelia,Lopez,23,New Orleans
row21,Liam,Hernandez,42,Austin
row22,Evelyn,Young,22,Tampa
row23,Lucas,King,43,Charlotte
row24,Harper,Scott,21,San Antonio
row25,Matthew,Gonzalez,44,Raleigh
row26,Avery,Perez,20,Nashville
row27,Jackson,Wright,47,Kansas City
row28,Aria,Turner,19,Sacramento
row29,Logan,Adams,46,Columbus
row30,Addison,Campbell,18,Milwaukee
row31,Jack,Hall,49,Indianapolis
row32,Luna,Hill,17,Las Vegas
row33,Sebastian,Cox,48,Memphis
row34,Riley,Edwards,16,Oklahoma City
row35,Aria,Wood,51,Pittsburgh
row36,Gabriel,Ward,15,Albuquerque
row37,Lily,Flores,50,Louisville
row38,Zoe,Cooper,14,Baltimore
row39,Elijah,Rivera,53,Salt Lake City
row40,Grace,Gomez,13,Birmingham
row41,Landon,Kelly,52,Tucson
row42,Chloe,Cook,12,Honolulu
row43,Carter,Parker,55,Fort Worth
row44,Penelope,Hayes,11,El Paso
row45,Luke,Ross,54,Fresno
row46,Anna,Watson,10,Omaha
row47,Henry,Long,57,Buffalo
row48,Autumn,Bailey,9,Tulsa
row49,Levi,Reed,56,Wichita
row50,Nova,Diaz,8,Bakersfield
row51,Julian,Russell,59,Richmond
row52,Maya,Myers,7,Anaheim
row53,Austin,Fisher,58,Arlington
row54,Ellie,Collins,6,Corpus Christi
row55,Leo,Bell,61,St. Louis
row56,Madison,Griffin,5,Lexington
row57,Eva,Hall,60,Laredo
row58,Aiden,Shaw,4,Boise
row59,Lila,Holmes,63,Santa Ana
row60,Nicholas,Rice,3,Plano
row61,Hannah,Reyes,62,Greensboro
row62,Isaac,Burgess,2,Anchorage
row63,Audrey,Garrett,65,Newark
row64,Jeremiah,Santiago,1,Durham
row65,Elena,Franklin,64,Toledo
row66,Gavin,Johnston,67,Chandler
row67,Scarlett,Bradley,67,Fort Wayne
row68,Eli,Barrett,66,Madison
row69,Skylar,Gibson,69,Lubbock
row70,Mila,Gregory,69,Garland
row71,Connor,Wagner,68,Glendale
row72,Aaron,Harvey,71,Rochester
row73,Alyssa,Hart,70,Riverside
row74,Owen,Reid,73,Amarillo
row75,Bella,Cunningham,72,Akron
row76,Hudson,Atkins,72,Little Rock
row77,Leah,Olson,71,Mobile
row78,Thomas,Carr,75,Huntington Beach
row79,Julia,Fuller,74,Tallahassee
row80,Tristan,Bryant,77,Columbus
row81,Ariana,Lawrence,76,Worcester
row82,Kaylee,Matthews,77,Santa Clarita
row83,Colton,Greene,76,Knoxville
row84,Ashley,Hudson,79,Brownsville
row85,Lincoln,McKinney,78,Providence
row86,Sofia,Sherman,79,Jackson
row87,Dominic,Holland,78,Overland Park
row88,Mackenzie,Peters,81,Oceanside
row89,Paige,Gordon,80,Chattanooga
row90,Theodore,Palmer,83,Tempe
row91,Ruby,Fletcher,82,Newport News
row92,Adrian,Church,85,Joliet
row93,Molly,Valdez,84,Salem
row94,Evan,Lucas,85,Paterson
row95,Angelina,Chambers,84,Hollywood
row96,Colin,Horton,87,Springfield
row97,Kylie,Holland,86,Bellevue
row98,Leighton,Daniels,87,Fargo
row99,Caroline,Curtis,86,Evansville
row100,Blake,Bradford,89,Sioux Falls
