row101,Angelina,Chambers,63,Hollywood
row102,Colin,Horton,71,Springfield
row103,Kylie,Holland,25,Bellevue
row104,Leighton,Daniels,84,Fargo
row105,Caroline,Curtis,33,Evansville
row106,Blake,Bradford,49,Sioux Falls
row107,Angel,Chambers,17,Hollywood
row108,Colin,Horton,52,Springfield
row109,Kylie,Holland,94,Bellevue
row110,Leighton,Daniels,2,Fargo
row111,Caroline,Curtis,70,Evansville
row112,Blake,Bradford,37,Sioux Falls
row113,Angelina,Chambers,41,Hollywood
row114,Colin,Horton,85,Springfield
row115,Kylie,Holland,7,Bellevue
row116,Leighton,Daniels,99,Fargo
row117,Caroline,Curtis,13,Evansville
row118,Blake,Bradford,56,Sioux Falls
row119,Angel,Chambers,29,Hollywood
row120,Colin,Horton,77,Springfield
row121,Kylie,Holland,46,Bellevue
row122,Leighton,Daniels,20,Fargo
row123,Caroline,Curtis,92,Evansville
row124,Blake,Bradford,65,Sioux Falls
row125,Angelina,Chambers,53,Hollywood
row126,Colin,Horton,38,Springfield
row127,Kylie,Holland,8,Bellevue
row128,Leighton,Daniels,57,Fargo
row129,Caroline,Curtis,23,Evansville
row130,Harper,Garcia,55,Seattle
row131,William,Kim,91,Houston
row132,Aaliyah,Nguyen,32,Atlanta
row133,Matthew,Patel,19,Denver
row134,Alexa,Murphy,44,Phoenix
row135,Anthony,Li,68,Chicago
row136,Savannah,Martinez,27,Miami
row137,Lincoln,Collins,78,Philadelphia
row138,Leah,Jackson,36,San Francisco
row139,Christopher,Chen,62,Dallas
row140,Autumn,Rossi,45,Minneapolis
row141,Isabelle,Wang,54,Portland
row142,Julian,Tran,29,Detroit
row143,Hailey,Sullivan,83,Charlotte
row144,Leo,Wright,67,Orlando
row145,Naomi,Kaur,51,Indianapolis
row146,Lucas,Robinson,22,New York City
row147,Ellie,Castro,37,Los Angeles
row148,Cameron,Flores,76,Atlanta
row149,Maya,Patel,60,Seattle
row150,Nolan,Hernandez,43,Miami
row151,Lyla,Gomez,28,San Diego
row152,Eliana,Kim,74,Boston
row153,Andrew,Nguyen,39,Denver
row154,Brooklyn,Perez,66,Portland
row155,Elias,Chang,35,Houston
row156,Amaya,Rivera,59,Chicago
row157,Connor,Smith,90,Dallas
row158,Audrey,Cooper,49,Phoenix
row159,Dominic,Morris,31,New Orleans
row160,Adeline,Evans,57,San Francisco
row161,Mateo,Nguyen,70,Minneapolis
row162,Luna,Bailey,47,Los Angeles
row163,James,Kumar,86,Charlotte
row164,Ava,Patel,65,San Diego
row165,Gabriel,Lopez,52,Boston
row166,Emily,Roberts,25,Seattle
row167,Noah,Hall,80,Indianapolis
row168,Hazel,White,41,Denver
row169,Landon,Kim,69,Portland
row170,Kayla,Castro,56,Dallas
row171,Jaxon,Chen,33,Chicago
row172,Aria,Tran,75,Philadelphia
row173,Oliver,Taylor,58,Phoenix
row174,Addison,Nguyen,38,Atlanta
row175,Elena,Patel,73,Miami
row176,Theodore,Garcia,48,San Francisco
row177,Sophie,Chang,37,Houston
row178,Micah,Nguyen,87,Seattle
row179,Aurora,Cooper,64,New York City
row180,Nathaniel,Wilson,53,San Diego
row181,Ashley,Lopez,46,Boston
row182,Ayden,Robinson,30,Los Angeles
row183,Quinn,Ramirez,61,Charlotte
row184,Kylie,Flores,76,Minneapolis
row185,Ezekiel,Patel,42,Dallas
row186,Eva,Kaur,85,Chicago
row187,Jacob,Li,63,Denver
row188,Lucy,Chen,50,Portland
row189,Xavier,Smith,26,Seattle
row190,Nora,Kim,89,Phoenix
row191,Dylan,Bailey,55,Atlanta
row192,Bella,Wang,39,Miami
row193,Ethan,Gomez,72,San Francisco
row194,Scarlett,Kumar,34,Houston
row195,Gavin,Nguyen,67,New Orleans
row196,Layla,Perez,44,San Diego
row197,Logan,Martinez,79,Los Angeles
row198,Zoey,Evans,58,Charlotte
row199,William,Kumar,37,Seattle
row200,Sophia,Patel,94,Dallas
row201,Caroline,Curtis,15,Evansville
row202,Blake,Bradford,58,Sioux Falls
row203,Angel,Chambers,49,Hollywood
row204,Colin,Horton,7,Springfield
row205,Kylie,Holland,26,Bellevue
row206,Leighton,Daniels,97,Fargo
row207,Caroline,Curtis,75,Evansville
row208,Blake,Bradford,32,Sioux Falls
row209,Angelina,Chambers,40,Hollywood
row210,Colin,Horton,68,Springfield
row211,Kylie,Holland,2,Bellevue
row212,Leighton,Daniels,45,Fargo
row213,Caroline,Curtis,83,Evansville
row214,Blake,Bradford,62,Sioux Falls
row215,Angel,Smith,47,Hollywood
row216,Samantha,Nguyen,13,Springfield
row217,Isaac,Alvarez,78,Bellevue
row218,Ava,Patel,28,Fargo
row219,Noah,Kumar,37,Evansville
row220,Emma,Chang,99,Sioux Falls
row221,Olivia,Gonzalez,59,Hollywood
row222,Liam,Singh,3,Springfield
row223,Mia,Li,56,Bellevue
row224,Ethan,Rodriguez,12,Fargo
row225,Amelia,Wang,21,Evansville
row226,Alexander,Gomez,71,Sioux Falls
row227,Grace,Williams,89,Hollywood
row228,James,Brown,45,Springfield
row229,Sophia,Lopez,9,Bellevue
row230,Benjamin,Johnson,81,Fargo
row231,Chloe,Anderson,32,Evansville
row232,Charlotte,Scott,66,Sioux Falls
row233,Michael,Jones,51,Hollywood
row234,Abigail,Thomas,17,Springfield
row235,Ella,Clark,63,Bellevue
row236,Daniel,Lewis,6,Fargo
row237,Elizabeth,Lee,70,Evansville
row238,Matthew,Martin,38,Sioux Falls
row239,Emily,Hill,47,Hollywood
row240,Nicholas,Garcia,13,Springfield
row241,Hannah,Rodriguez,78,Bellevue
row242,Avery,Allen,28,Fargo
row243,Sebastian,Young,37,Evansville
row244,Victoria,Kim,99,Sioux Falls
row245,David,Hernandez,59,Hollywood
row246,Aria,Lopez,3,Springfield
row247,Joseph,Green,56,Bellevue
row248,Natalie,Adams,12,Fargo
row249,Dylan,Carter,21,Evansville
row250,Lily,Wright,71,Sioux Falls
row251,Isaiah,Jackson,47,Boston
row252,Ashley,Campbell,13,Seattle
row253,Levi,Stewart,78,Miami
row254,Zoe,Reyes,28,Denver
row255,Nathan,Bailey,37,Chicago
row256,Sofia,Hughes,99,New Orleans
row257,Aiden,Flores,59,San Francisco
row258,Ava,Kelly,3,Orlando
row259,Evan,Rivera,56,Portland
row260,Hailey,Morris,12,Phoenix
row261,Lincoln,Bennett,21,Nashville
row262,Aubrey,Long,71,Houston
row263,Audrey,Howard,89,Los Angeles
row264,Gavin,Foster,45,Atlanta
row265,Penelope,Collins,9,Dallas
row266,Landon,Murphy,81,Philadelphia
row267,Ellie,Cook,32,Las Vegas
row268,Logan,Bell,66,Minneapolis
row269,Samuel,Ward,51,Charlotte
row270,Clara,Turner,17,New York City
row271,Tristan,Parker,63,San Diego
row272,Riley,Ross,6,Washington D.C.
row273,Mila,Watson,70,Newark
row274,Leo,Bailey,38,Salt Lake City
row275,Julia,Grant,47,Memphis
row276,Owen,Richards,13,Raleigh
row277,Aria,Harrison,78,Tampa
row278,Eli,Coleman,28,Cincinnati
row279,Rebecca,Cooper,37,Indianapolis
row280,Simon,Hill,99,Kansas City
row281,Elena,Barnes,59,Charleston
row282,Jackson,Perry,3,Anchorage
row283,Scarlett,Reed,56,Detroit
row284,Gabriel,Gray,12,Boise
row285,Madeline,Woods,21,Savannah
row286,Wyatt,Ramirez,71,Albuquerque
row287,Adeline,Murphy,89,Oklahoma City
row288,Henry,Rivera,45,Portland
row289,Lucy,Stewart,9,Birmingham
row290,Caleb,Gonzalez,81,St. Louis
row291,Stella,Campbell,32,Milwaukee
row292,Hudson,Cox,66,Sacramento
row293,Ariana,Kelly,51,New Orleans
row294,Mateo,Wright,17,Louisville
row295,Lucas,Riley,63,San Antonio
row296,Eleanor,Flores,6,Honolulu
row297,Grayson,Reyes,70,Buffalo
row298,Piper,Howard,38,Omaha
row299,Israel,Hughes,47,Des Moines
row300,Clara,Bennett,13,Albany



