screenName,tags,avatar,followersCount,friendsCount,lang,lastSeen,tweetId,id,friends
"""""""camvaleska""""""","""[ """"#respecttylerjoseph"""" ]""","""""""http://pbs.twimg.com/profile_images/727588951171674112/eUWvlDgF_normal.jpg""""""",3012,977,"""""""en""""""",1472264461130,"""""""769302434405572608""""""",82823,"[20241, 26779, 28737, 71597, 68647, 65249, 54813, 76070, 87628, 85885]"
"""""""unareid14""""""","""[ """"#nationaldogday"""" ]""","""""""http://pbs.twimg.com/profile_images/760091907980689408/ev1cjaWX_normal.jpg""""""",828,471,"""""""en""""""",1472264323580,"""""""769303240445943808""""""",23526,"[37000, 87755]"
"""""""nikki_nkr""""""","""[ """"#nationaldogday"""" ]""","""""""http://pbs.twimg.com/profile_images/753070118561718272/kZsoETOO_normal.jpg""""""",346,271,"""""""en""""""",1472258558820,"""""""769298506112638977""""""",26590,"[47359, 94038, 28887, 58357, 62781, 95756, 71397]"
"""""""itsathirahnasir""""""","""[ """"#happyjungkookday"""" ]""","""""""http://pbs.twimg.com/profile_images/770621621820239872/OfXKSpPK_normal.jpg""""""",186,114,"""""""en""""""",1472669105070,"""""""771055063825387520""""""",97667,"[37460, 84837, 50155]"
"""""""_ughcrying""""""","""[ """"#respecttylerjoseph"""" ]""","""""""http://pbs.twimg.com/profile_images/766451757790527488/O_1SIYkh_normal.jpg""""""",256,220,"""""""en""""""",1472266228272,"""""""769305146392064000""""""",48114,[]
"""""""LongstrethLAX""""""","""[ """"#nationaldogday"""" ]""","""""""http://pbs.twimg.com/profile_images/666740966368395264/A7DoYL9L_normal.jpg""""""",884,542,"""""""en""""""",1472266692026,"""""""769305686807228419""""""",29703,"[29874, 34941, 93041, 12275, 94452, 52658]"
"""""""suggscure""""""","""[ """"#happybirthdaydylanobrien"""" ]""","""""""http://pbs.twimg.com/profile_images/762537671306584068/aFoCgzxw_normal.jpg""""""",980,315,"""""""en""""""",1472269674725,"""""""769308667707400192""""""",76070,"[89663, 29417, 60709, 12275, 94452, 63336, 50776]"
"""""""dizzy__dontae""""""","""[ """"#nationaldogday"""" ]""","""""""http://pbs.twimg.com/profile_images/638216276184207360/Cf3tZXzs_normal.jpg""""""",1057,902,"""""""en""""""",1472259330343,"""""""769299044149723136""""""",25063,[]
"""""""SLBistro""""""","""[ """"#nationaldogday"""" ]""","""""""http://pbs.twimg.com/profile_images/663746620891209729/Cpzc46tA_normal.png""""""",716,206,"""""""en""""""",1472268137756,"""""""769306939520126976""""""",76425,"[15113, 72669, 16365, 31727, 94574, 90627]"
"""""""nicole_kayden""""""","""[ """"#nationaldogday"""" ]""","""""""http://pbs.twimg.com/profile_images/768547086149222404/doZeiSiN_normal.jpg""""""",1704,998,"""""""en""""""",1472272596891,"""""""769311417556017152""""""",93033,"[28737, 12354, 33022, 32662, 28938, 96293, 47359, 87755, 59241, 69836]"
"""""""SibeRescueBrian""""""","""[ """"#nationaldogday"""" ]""","""""""http://pbs.twimg.com/profile_images/764437298461024257/2med1Mso_normal.jpg""""""",348,243,"""""""en""""""",1472259606542,"""""""769299340238131204""""""",60628,"[96540, 31366, 87628, 50446]"
"""""""TomlinsonEli""""""","""[ """"#nationaldogday"""" ]""","""""""http://pbs.twimg.com/profile_images/764992869719474176/OmvTvw0h_normal.jpg""""""",612,877,"""""""en""""""",1472266316648,"""""""769305229208596480""""""",90627,[94979]
"""""""Tarattee""""""","""[ """"#nationaldogday"""" ]""","""""""http://pbs.twimg.com/profile_images/603677193198170112/8RQ12CRW_normal.jpg""""""",245,321,"""""""en""""""",1472270013759,"""""""769308858179137536""""""",64488,"[86924, 86532, 25063, 92304, 71991, 74346, 87527, 29417, 44897]"
"""""""LuckoftheDraw86""""""","""[ """"#nationaldogday"""" ]""","""""""http://pbs.twimg.com/profile_images/660845051891859456/4YwBcdrx_normal.jpg""""""",20038,824,"""""""en""""""",1472265564780,"""""""769304603141738497""""""",47424,"[74346, 97667]"
"""""""anabellac34""""""","""[ """"#nationaldogday"""" ]""","""""""http://pbs.twimg.com/profile_images/755162840051265536/nbvv6UFl_normal.jpg""""""",200,200,"""""""en""""""",1472266600929,"""""""769305579311370240""""""",89999,"[85885, 76435, 37440, 27712]"
"""""""MeggMitchelll""""""","""[ """"#nationaldogday"""" ]""","""""""http://pbs.twimg.com/profile_images/767518200661741570/WtFqvk_4_normal.jpg""""""",200,178,"""""""en""""""",1472271266527,"""""""769310253099933697""""""",55957,"[10988, 90963, 18756, 83473, 76070, 11331, 56195, 34941]"
"""""""CallumYoung87""""""","""[ """"#nationaldogday"""" ]""","""""""http://pbs.twimg.com/profile_images/761078131042029568/nWI_qW5A_normal.jpg""""""",347,1089,"""""""en""""""",1472261785388,"""""""769301678902378496""""""",27294,"[84702, 71597, 64488, 96464, 50155, 10365, 72301]"
"""""""keannacichon_""""""","""[ """"#nationaldogday"""" ]""","""""""http://pbs.twimg.com/profile_images/768854777690218497/_jtP4YzG_normal.jpg""""""",503,372,"""""""en""""""",1472254680016,"""""""769295550852235264""""""",21299,"[89709, 26641, 54255, 13783, 43214, 56483, 84837, 89651, 86991, 69283]"
"""""""Devin_McKnight3""""""","""[ """"#nationaldogday"""" ]""","""""""http://pbs.twimg.com/profile_images/727350416019623936/Y1iEjvjp_normal.jpg""""""",370,393,"""""""en""""""",1472253390373,"""""""769295116632674304""""""",42059,"[21814, 99837, 73719, 26093]"
"""""""b_stude1""""""","""[ """"#nationaldogday"""" ]""","""""""http://pbs.twimg.com/profile_images/750879212698042368/FjzVoV-Q_normal.jpg""""""",340,256,"""""""en""""""",1472248831849,"""""""769293388780888064""""""",50446,[96293]
"""""""Justine_D_Davis""""""","""[ """"#nationaldogday"""" ]""","""""""http://pbs.twimg.com/profile_images/1259188565/corvphoto_normal.jpg""""""",706,640,"""""""en""""""",1472260081372,"""""""769299865792684033""""""",44897,"[45954, 64963, 99615, 18756, 63336, 85096, 51051, 87211, 89709, 62524, 42059, 96464, 26641, 38132, 75509, 11257, 21948, 89663]"
"""""""WoffordKaleigh""""""","""[ """"#nationaldogday"""" ]""","""""""http://pbs.twimg.com/profile_images/752332091795206144/cEeOObR1_normal.jpg""""""",350,195,"""""""en""""""",1472262344235,"""""""769299606517616640""""""",94979,"[64963, 18756, 32006, 63336, 85096, 42059, 26641, 75509, 11257, 62524, 99615]"
"""""""ImChrisRich""""""","""[ """"#nationaldogday"""" ]""","""""""http://pbs.twimg.com/profile_images/727934633065775104/rvXaHU-U_normal.jpg""""""",26172,696,"""""""en""""""",1472265035192,"""""""769304123611156480""""""",20241,"[26779, 18648, 94038, 90152]"
"""""""Fix8Limited""""""","""[ """"#belgiangp"""" ]""","""""""http://pbs.twimg.com/profile_images/2515679093/http_www.fix8.co.uk__normal.jpg""""""",193,339,"""""""en""""""",1472288496007,"""""""769459835490430978""""""",83420,"[65249, 82823, 76425, 56473]"
"""""""BreadAndRosesCA""""""","""[ """"#nationaldogday"""" ]""","""""""http://pbs.twimg.com/profile_images/714882724524384256/sbCZny7t_normal.jpg""""""",815,795,"""""""en""""""",1472266648759,"""""""769301496131444736""""""",46510,"[56170, 73172, 76435, 38132, 82512, 69897, 42582, 90963, 90152]"
"""""""FilmFiends""""""","""[ """"steve rogers"""" ]""","""""""http://pbs.twimg.com/profile_images/509598478100463616/9IH6zWHS_normal.jpeg""""""",152,103,"""""""en""""""",1472250524042,"""""""769294040160350208""""""",37440,"[63652, 35317, 89999, 34355, 37674, 68054, 61958, 76425]"
"""""""NikkBarajas""""""","""[ """"#nationaldogday"""" ]""","""""""http://pbs.twimg.com/profile_images/769299837116305408/aPGLxHbf_normal.jpg""""""",170,126,"""""""en""""""",1472261148094,"""""""769301035244400640""""""",58446,[13783]
"""""""smolpeachlwt""""""","""[ """"#respecttylerjoseph"""" ]""","""""""http://pbs.twimg.com/profile_images/765143382410788865/1hB7ml8w_normal.jpg""""""",2649,170,"""""""en""""""",1472267432252,"""""""769299575622565889""""""",26641,"[78664, 51590, 35827, 31523, 37417, 53165, 97562, 94691, 89663]"
"""""""delaceybogdash""""""","""[ """"#nationaldogday"""" ]""","""""""http://pbs.twimg.com/profile_images/765521671369416705/47NxpQVB_normal.jpg""""""",364,404,"""""""en""""""",1472273530831,"""""""769312525309607936""""""",58746,"[32446, 68647, 18884, 96646, 64748, 10988, 31523, 56170, 21779, 67355]"
"""""""AliAftab_""""""","""[ """"#nationaldogday"""" ]""","""""""http://pbs.twimg.com/profile_images/761333877579415552/-mlpUMHy_normal.jpg""""""",489,383,"""""""en""""""",1472265311584,"""""""769304428063166464""""""",42136,"[84423, 16426, 42582, 97562, 83420, 90733, 48297, 94691, 15113]"
"""""""sianbehr""""""","""[ """"#nationaldogday"""" ]""","""""""http://pbs.twimg.com/profile_images/763125357373337600/SYHVygOn_normal.jpg""""""",555,423,"""""""en""""""",1472262391157,"""""""769302415346503680""""""",64013,"[59241, 91782, 78307, 87628, 33083, 69897, 18470]"
"""""""YammineTannous""""""","""[ """"#belgiangp"""" ]""","""""""http://pbs.twimg.com/profile_images/754944660020289536/cVMFKUBT_normal.jpg""""""",139,218,"""""""en""""""",1472387344139,"""""""769458350459346945""""""",52658,"[11818, 83420, 12873, 66485, 78307, 29874, 60240]"
"""""""MargaretGrant22""""""","""[ """"#nationaldogday"""" ]""","""""""http://pbs.twimg.com/profile_images/3531613479/801debb65a4843d9982e6f2d3d7a799e_normal.jpeg""""""",685,827,"""""""en""""""",1472268724154,"""""""769307679160492032""""""",71397,"[31727, 42059, 37272, 45343]"
"""""""kenzi_cummings""""""","""[ """"#nationaldogday"""" ]""","""""""http://pbs.twimg.com/profile_images/742942740036587520/RUVGETQE_normal.jpg""""""",580,434,"""""""en""""""",1472264923381,"""""""769304007399661569""""""",51051,"[23526, 96293, 83940, 38480, 42474, 20241, 19621, 25063]"
"""""""Victori19992001""""""","""[ """"#nationaldogday"""" ]""","""""""http://pbs.twimg.com/profile_images/701533851797975040/wD8YWlG8_normal.jpg""""""",276,258,"""""""en""""""",1472267649570,"""""""769306551123255296""""""",78307,"[59666, 97053, 33022, 28938, 24924, 59244, 45558]"
"""""""sirdeeck""""""","""[ """"labour"""" ]""","""""""http://pbs.twimg.com/profile_images/738485965648494592/USYl_6T__normal.jpg""""""",1781,891,"""""""en""""""",1472248819915,"""""""769293388222988288""""""",10988,"[21104, 40635, 33127, 83420, 89709, 77735, 50776, 78742, 21948]"
"""""""ItsJeseniaCuhh""""""","""[ """"#nationaldogday"""" ]""","""""""http://pbs.twimg.com/profile_images/767964424267108353/dZEL3AeP_normal.jpg""""""",1367,698,"""""""en""""""",1472268475373,"""""""769307360217018368""""""",11331,"[54183, 82823, 48338, 53165, 67355, 33250, 46510, 63336, 12976, 96245]"
"""""""dmgiveawayss""""""","""[ """"#respecttylerjoseph"""" ]""","""""""http://pbs.twimg.com/profile_images/719585595618680834/68U4HPFq_normal.jpg""""""",7019,1396,"""""""en""""""",1472270745814,"""""""769309594665353216""""""",96245,"[40635, 83940, 45660]"
"""""""twiitchhin""""""","""[ """"#nationaldogday"""" ]""","""""""http://pbs.twimg.com/profile_images/744747440184532992/rOaVjmfb_normal.jpg""""""",751,370,"""""""en""""""",1472267383143,"""""""769306339306639361""""""",62524,"[55957, 95844, 76404]"
"""""""BDLNDSNBHD""""""","""[ """"#nationaldogday"""" ]""","""""""http://pbs.twimg.com/profile_images/768414734706061312/zJwJA8iz_normal.jpg""""""",163,143,"""""""en""""""",1472266949448,"""""""769305973227941888""""""",94775,"[86991, 24482, 58992, 76404, 19411, 98246, 78664, 16365, 76140]"
"""""""cyndelrmadsen""""""","""[ """"#nationaldogday"""" ]""","""""""http://pbs.twimg.com/profile_images/769178705776173056/8DWMxo57_normal.jpg""""""",727,647,"""""""en""""""",1472286923309,"""""""769453237850116097""""""",29374,"[72669, 97667, 33250]"
"""""""BeingEliza""""""","""[ """"#nationaldogday"""" ]""","""""""http://pbs.twimg.com/profile_images/768738006622621696/qK5-Mcm5_normal.jpg""""""",510,384,"""""""en""""""",1472265308129,"""""""769300862741061632""""""",26779,[]
"""""""pmatons""""""","""[ """"#nationaldogday"""" ]""","""""""http://pbs.twimg.com/profile_images/3069712261/78c42a64a7a61af313c83329c873b0f8_normal.jpeg""""""",4411,4370,"""""""en""""""",1472253470324,"""""""769295208638996480""""""",86532,"[45543, 25056, 38480, 38132, 35931, 84273, 50155, 11835, 44183]"
"""""""rachelhark""""""","""[ """"#nationaldogday"""" ]""","""""""http://pbs.twimg.com/profile_images/760685293217452034/peR65V9w_normal.jpg""""""",287,272,"""""""en""""""",1472269110471,"""""""769303456913981441""""""",72669,"[42582, 64963, 28737]"
"""""""anaen013""""""","""[ """"harry potter"""" ]""","""""""http://pbs.twimg.com/profile_images/760164110281564160/chU0B7NB_normal.jpg""""""",157,118,"""""""en""""""",1472803143007,"""""""771618407527567361""""""",64748,"[28938, 65249]"
"""""""Takemysoul_BTS""""""","""[ """"#isac2016"""" ]""","""""""http://pbs.twimg.com/profile_images/769480606455435264/T_45YtBj_normal.jpg""""""",248,1043,"""""""en""""""",1472483362353,"""""""770277127048400896""""""",87527,"[96245, 37440, 88028]"
"""""""atlantictroye""""""","""[ """"#respecttylerjoseph"""" ]""","""""""http://pbs.twimg.com/profile_images/763780830397341696/ysMYJyvy_normal.jpg""""""",639,128,"""""""en""""""",1472260108738,"""""""769293772886831105""""""",69897,"[84873, 78595, 58778, 21948, 30034, 43214, 77221, 83498, 29374, 19411]"
"""""""JeLouis1991""""""","""[ """"#respecttylerjoseph"""", """"#siriusblackisgay"""" ]""","""""""http://pbs.twimg.com/profile_images/758643142610542592/b7f9ncfr_normal.jpg""""""",2308,3150,"""""""en""""""",1472671268397,"""""""769294596820111360""""""",25961,"[58209, 85051, 90576, 73172, 84702, 72301, 76119]"
"""""""mollybvbphan""""""","""[ """"#respecttylerjoseph"""" ]""","""""""http://pbs.twimg.com/profile_images/767832335492452352/dPqMNy_5_normal.jpg""""""",554,1241,"""""""en""""""",1472270760797,"""""""769309617084039168""""""",35253,"[30483, 77735, 31523, 48338, 12976, 67355, 20189]"
"""""""MannyL47""""""","""[ """"#nationaldogday"""" ]""","""""""http://pbs.twimg.com/profile_images/768003023264096258/G8hsxtaB_normal.jpg""""""",389,236,"""""""en""""""",1472261306072,"""""""769301243466354688""""""",33862,"[31523, 78827, 32446, 12873, 66485, 93033, 26590, 35827, 31366]"
"""""""emaggg""""""","""[ """"#nationaldogday"""" ]""","""""""http://pbs.twimg.com/profile_images/766149890485329920/t-jtw2VY_normal.jpg""""""",1152,1118,"""""""en""""""",1472261949296,"""""""769301879746617345""""""",68531,[78827]
"""""""TrueTxCutie""""""","""[ """"#nationaldogday"""" ]""","""""""http://pbs.twimg.com/profile_images/459441049836855296/sdee_RGh_normal.jpeg""""""",117,165,"""""""en""""""",1472268203415,"""""""769307042947305472""""""",12354,"[56281, 27142, 73172, 51051, 71472, 20639, 86186]"
"""""""decayisdead""""""","""[ """"#respecttylerjoseph"""" ]""","""""""http://pbs.twimg.com/profile_images/761158899856728064/L0O_hK4p_normal.jpg""""""",1940,605,"""""""en""""""",1472256529622,"""""""769295788182802432""""""",29577,"[33862, 94979, 42738, 85885, 90627, 20467]"
"""""""balcayde30""""""","""[ """"#nationaldogday"""" ]""","""""""http://pbs.twimg.com/profile_images/651450244882759681/b8iraD3k_normal.jpg""""""",124,172,"""""""en""""""",1472253057539,"""""""769294769465929728""""""",90152,"[73719, 56473, 84423]"
"""""""monstershockey""""""","""[ """"#nationaldogday"""" ]""","""""""http://pbs.twimg.com/profile_images/763064509263126528/-7L5Qd7U_normal.jpg""""""",30442,1317,"""""""en""""""",1472271368562,"""""""769310369508491265""""""",78664,[]
"""""""Paigemorris_57""""""","""[ """"#nationaldogday"""" ]""","""""""http://pbs.twimg.com/profile_images/764941307470950400/T4qfLyJh_normal.jpg""""""",293,264,"""""""en""""""",1472267984984,"""""""769306786021068800""""""",89709,"[84702, 90576, 99719, 42582, 89999, 64748, 26779, 63078]"
"""""""OnlyA_Y""""""","""[ """"#bundesliga"""" ]""","""""""http://pbs.twimg.com/profile_images/3133777580/341ea590073c4cc65dbbf979e1f327a6_normal.jpeg""""""",140,317,"""""""en""""""",1472261357135,"""""""769301297724088324""""""",83740,"[79829, 95756, 88912, 11818, 67930, 58746, 28938, 29417, 95844]"
"""""""dogsandcoffee_""""""","""[ """"#nationaldogday"""" ]""","""""""http://pbs.twimg.com/profile_images/767894017153654785/fY9dmGx2_normal.jpg""""""",2214,275,"""""""en""""""",1472265009231,"""""""769304057043382272""""""",54515,"[58446, 69897, 79417, 75509, 84702, 71472, 79366]"
"""""""paige_jordan4""""""","""[ """"#nationaldogday"""" ]""","""""""http://pbs.twimg.com/profile_images/764339696877113344/iTdWKFlp_normal.jpg""""""",422,258,"""""""en""""""",1472262762707,"""""""769302783703015424""""""",89663,"[29374, 92454, 67749, 85096, 42059, 48114, 83845, 41999, 83498, 58446]"
"""""""HarleyNMoore""""""","""[ """"#nationaldogday"""" ]""","""""""http://pbs.twimg.com/profile_images/759171229005873152/CHYnL4wb_normal.jpg""""""",804,412,"""""""en""""""",1472261543011,"""""""769301427558707200""""""",63336,"[50748, 82547, 62285, 68531, 65654, 65249, 79829]"
"""""""PiperPagee""""""","""[ """"#nationaldogday"""" ]""","""""""http://pbs.twimg.com/profile_images/756511340840169472/iGPJACOA_normal.jpg""""""",267,331,"""""""en""""""",1472258217071,"""""""769296954094342144""""""",61958,"[88635, 56170, 19621, 10365, 84273, 54183, 84873]"
"""""""JustRoRoBackUp""""""","""[ """"#respecttylerjoseph"""" ]""","""""""http://pbs.twimg.com/profile_images/699509098547646464/uZhzqBdZ_normal.jpg""""""",1151,167,"""""""en""""""",1472273997883,"""""""769308736548696065""""""",60240,"[97667, 89990, 37674]"
"""""""VafFunGhoul_""""""","""[ """"#respecttylerjoseph"""" ]""","""""""http://pbs.twimg.com/profile_images/766360198634172416/VRV3wuJq_normal.jpg""""""",944,794,"""""""en""""""",1472260287272,"""""""769299495653875712""""""",76435,"[20639, 51555, 43214, 73172, 40635, 12976, 78664]"
"""""""turrranichelle""""""","""[ """"#nationaldogday"""" ]""","""""""http://pbs.twimg.com/profile_images/764601417151623168/_zOO3n0J_normal.jpg""""""",281,256,"""""""en""""""",1472259303564,"""""""769299014651039744""""""",79366,"[98571, 35931, 76425, 93033, 42474, 12275, 88912, 97667, 85051, 29874]"
"""""""Nick_Hofer1""""""","""[ """"#nationaldogday"""" ]""","""""""http://pbs.twimg.com/profile_images/756675872673959936/jnfDU_2u_normal.jpg""""""",389,360,"""""""en""""""",1472255395152,"""""""769296205646065664""""""",43430,"[10988, 99615, 61728, 20467, 60240, 35317, 83740, 42582, 41999]"
"""""""aloyolma""""""","""[ """"britney"""" ]""","""""""http://pbs.twimg.com/profile_images/769474527550201856/RgD0z6Xp_normal.jpg""""""",123,132,"""""""en""""""",1472483784849,"""""""770277551033946113""""""",93041,"[43754, 10988]"
"""""""dankremnitzer""""""","""[ """"#nationaldogday"""" ]""","""""""http://pbs.twimg.com/profile_images/455309072120553472/_0FVq0T1_normal.jpeg""""""",110,484,"""""""en""""""",1472262129457,"""""""769302128657571840""""""",78827,"[40635, 78742, 41999, 77735, 83498, 84837, 25056, 68531]"
"""""""ItzellDestiny""""""","""[ """"#nationaldogday"""" ]""","""""""http://pbs.twimg.com/profile_images/768355316597559296/SiEnOWtb_normal.jpg""""""",785,581,"""""""en""""""",1472270190904,"""""""769309053289762816""""""",85096,"[79366, 31523]"
"""""""vmormino""""""","""[ """"#nationaldogday"""" ]""","""""""http://pbs.twimg.com/profile_images/743495064412905473/7pY-1jl8_normal.jpg""""""",684,414,"""""""en""""""",1472272489678,"""""""769311295636144129""""""",68647,"[20189, 87009, 89663, 18756, 55957, 63652, 99150, 34819]"
"""""""fabminseok""""""","""[ """"#idonottrustanyonewho"""" ]""","""""""http://pbs.twimg.com/profile_images/765604939770961921/68o8T-s9_normal.jpg""""""",1039,597,"""""""en""""""",1472483517003,"""""""770277237228642304""""""",90963,"[42582, 58357, 89990, 15113, 94979, 69283]"
"""""""valbunny008""""""","""[ """"#nationaldogday"""" ]""","""""""http://pbs.twimg.com/profile_images/766751306417577984/T-TyXo_W_normal.jpg""""""",459,489,"""""""en""""""",1472262100939,"""""""769301968045035520""""""",88635,"[52658, 89999, 71335, 78827, 78307, 47359, 57429]"
"""""""missmarleesa""""""","""[ """"#nationaldogday"""" ]""","""""""http://pbs.twimg.com/profile_images/756283934963400704/a7rA45f7_normal.jpg""""""",225,122,"""""""en""""""",1472251947780,"""""""769294507506446336""""""",84423,"[15113, 67749, 82512, 90627, 32390, 93041, 84702, 26093, 31727]"
"""""""jacklynrw1""""""","""[ """"#nationaldogday"""" ]""","""""""http://pbs.twimg.com/profile_images/768105441834463233/PANJnyjB_normal.jpg""""""",119,115,"""""""en""""""",1472271731946,"""""""769310747298062336""""""",53165,"[29874, 62285, 23526, 32446]"
"""""""lizethgodinez_""""""","""[ """"#nationaldogday"""" ]""","""""""http://pbs.twimg.com/profile_images/762180312101027840/-_c-mjF7_normal.jpg""""""",236,143,"""""""en""""""",1472251394387,"""""""769294311892590597""""""",92454,"[59244, 42136]"
"""""""barefootNurse24""""""","""[ """"#nationaldogday"""" ]""","""""""http://pbs.twimg.com/profile_images/420178415765815296/e91Y2VY5_normal.jpeg""""""",794,813,"""""""en""""""",1472264879615,"""""""769303961912434688""""""",69283,"[99837, 77720, 82823, 65654, 60240, 10365, 78664, 35931, 84873]"
"""""""madeoffwax""""""","""[ """"#nationaldogday"""" ]""","""""""http://pbs.twimg.com/profile_images/769032367726063617/5QNcYjOv_normal.jpg""""""",1116,313,"""""""en""""""",1472268237049,"""""""769307087360892928""""""",33127,"[13783, 90576, 40978, 34941, 72669, 58446, 87755, 88635, 37272, 99150]"
"""""""JonClempner""""""","""[ """"#nationaldogday"""" ]""","""""""http://pbs.twimg.com/profile_images/1630145490/DSN8908_normal.jpg""""""",1671,2027,"""""""en""""""",1472288208765,"""""""769458628281700352""""""",25953,"[89663, 64013, 18470]"
"""""""PAN1F""""""","""[ """"bournemouth"""" ]""","""""""http://pbs.twimg.com/profile_images/767126081082195968/cDzOF7tG_normal.jpg""""""",306,256,"""""""en""""""",1472668960909,"""""""771054692734566401""""""",84873,"[73172, 83940, 83473, 30483, 18470]"
"""""""sykio_cat""""""","""[ """"#nationaldogday"""" ]""","""""""http://pbs.twimg.com/profile_images/713825584133115905/x_vuXsbu_normal.jpg""""""",167,230,"""""""en""""""",1472254730997,"""""""769295582980517888""""""",50776,[]
"""""""baileyofbagend""""""","""[ """"#nationaldogday"""" ]""","""""""http://pbs.twimg.com/profile_images/758331686606270464/5n9pqAnL_normal.jpg""""""",171,141,"""""""en""""""",1472249808961,"""""""769293788976152576""""""",75509,[45343]
"""""""alisha_toogood""""""","""[ """"#nationaldogday"""" ]""","""""""http://pbs.twimg.com/profile_images/756249350347653120/QtlbBKNv_normal.jpg""""""",785,1121,"""""""en""""""",1472272744402,"""""""769311593117192192""""""",60709,"[85051, 87211, 33022, 68647, 21299, 12976, 31523]"
"""""""kristen_levy""""""","""[ """"#nationaldogday"""" ]""","""""""http://pbs.twimg.com/profile_images/759495055316955138/LT5RBn8d_normal.jpg""""""",205,112,"""""""en""""""",1472256885505,"""""""769297359150813184""""""",17614,[62296]
"""""""DooubleeOhhGee""""""","""[ """"#nationaldogday"""" ]""","""""""http://pbs.twimg.com/profile_images/747324594755772416/pQDqfuJe_normal.jpg""""""",947,993,"""""""en""""""",1472262020853,"""""""769301970549149696""""""",67355,"[64963, 18756, 63336, 93033, 25961, 42059, 85096, 26641, 75509, 11257, 62524, 97053, 99615]"
"""""""Laura_Cuentas""""""","""[ """"#nationaldogday"""" ]""","""""""http://pbs.twimg.com/profile_images/732773129722941440/OFYEGmoD_normal.jpg""""""",626,928,"""""""en""""""",1472258599029,"""""""769298564321345536""""""",72301,"[79417, 25063, 67355]"
"""""""tommothood""""""","""[ """"#respecttylerjoseph"""" ]""","""""""http://pbs.twimg.com/profile_images/765537614761824257/KY9Uqo4U_normal.jpg""""""",832,670,"""""""en""""""",1472257709884,"""""""769295100681736192""""""",82547,"[54525, 96293, 42582, 52658]"
"""""""jamesdaine_""""""","""[ """"#respecttylerjoseph"""" ]""","""""""http://pbs.twimg.com/profile_images/675386235985227776/MYIr5uI2_normal.jpg""""""",298,519,"""""""en""""""",1472262736067,"""""""769302754170904578""""""",54841,"[23526, 51555, 25961]"
"""""""s_sasek""""""","""[ """"#nationaldogday"""" ]""","""""""http://pbs.twimg.com/profile_images/754218884408815616/SXdzL3PV_normal.jpg""""""",363,2314,"""""""en""""""",1472271349229,"""""""769303522797944833""""""",80605,"[64963, 18756, 31366, 63336, 29417, 85096, 42059, 26641, 94452, 75509, 11257, 87130, 62524, 54813, 99615]"
"""""""signsofnate""""""","""[ """"#respecttylerjoseph"""" ]""","""""""http://pbs.twimg.com/profile_images/765284708737515520/o0H11ve__normal.jpg""""""",440,329,"""""""en""""""",1472274075741,"""""""769296122917621760""""""",82512,"[60709, 18648]"
"""""""graceefergusonn""""""","""[ """"#nationaldogday"""" ]""","""""""http://pbs.twimg.com/profile_images/757760520673906688/xIuOy78i_normal.jpg""""""",182,197,"""""""en""""""",1472266741241,"""""""769305744927629318""""""",38132,"[61958, 45543, 98571, 76119, 79388, 43754, 92304, 71335, 29374, 62781]"
"""""""Supt_Lora""""""","""[ """"#nationaldogday"""" ]""","""""""http://pbs.twimg.com/profile_images/720822806833836032/vztdOkk3_normal.jpg""""""",1233,934,"""""""en""""""",1472267335476,"""""""769306310336667648""""""",36652,[62524]
"""""""chandiesmith""""""","""[ """"#nationaldogday"""" ]""","""""""http://pbs.twimg.com/profile_images/412352960698400768/XaDQ1TNq_normal.jpeg""""""",122,183,"""""""en""""""",1472262834412,"""""""769302858344771584""""""",97562,[88028]
"""""""NyzairRountree""""""","""[ """"#nationaldogday"""" ]""","""""""http://pbs.twimg.com/profile_images/769277628016656384/iDhD_cN8_normal.jpg""""""",1361,596,"""""""en""""""",1472250278812,"""""""769293947063640065""""""",19411,"[83473, 37460, 80130, 48114, 45558, 10365, 83740, 42738, 15113]"
"""""""EKSEVENTS""""""","""[ """"#nationaldogday"""" ]""","""""""http://pbs.twimg.com/profile_images/637335467562692608/z910OM8P_normal.png""""""",560,722,"""""""en""""""",1472268189359,"""""""769307019065032704""""""",62296,[46510]
"""""""increziblezayn""""""","""[ """"#happybirthdayliampayne"""" ]""","""""""http://pbs.twimg.com/profile_images/765906055914151936/usf-iz4x_normal.jpg""""""",607,335,"""""""en""""""",1472483931027,"""""""770277218069073920""""""",95625,[]
"""""""cheldelagrange""""""","""[ """"#nationaldogday"""" ]""","""""""http://pbs.twimg.com/profile_images/768305899274313729/dRqnnUML_normal.jpg""""""",836,635,"""""""en""""""",1472256767385,"""""""769297206658551808""""""",76140,[]
"""""""avac4do""""""","""[ """"#respecttylerjoseph"""" ]""","""""""http://pbs.twimg.com/profile_images/758557223672950784/_ySmHEFk_normal.jpg""""""",225,193,"""""""en""""""",1472273946402,"""""""769313021302833156""""""",31366,"[23004, 87211]"
"""""""jackieannak""""""","""[ """"#nationaldogday"""" ]""","""""""http://pbs.twimg.com/profile_images/752244501255716865/NoiSnfxB_normal.jpg""""""",334,266,"""""""en""""""",1472264973273,"""""""769304056728788993""""""",96293,"[64963, 18756, 96646, 63336, 85096, 42474, 42059, 26641, 10365, 75509, 11257, 62524, 11005, 99615]"
"""""""daniellebabiex3""""""","""[ """"#nationaldogday"""" ]""","""""""http://pbs.twimg.com/profile_images/768518719555461124/NwLCiwT2_normal.jpg""""""",399,402,"""""""en""""""",1472255018290,"""""""769295917228892161""""""",42474,"[37000, 85051, 62524, 60240, 67930, 50748]"
"""""""emptynetting""""""","""[ """"#nationaldogday"""" ]""","""""""http://pbs.twimg.com/profile_images/766474378900930560/ZpUDSYMR_normal.jpg""""""",194,147,"""""""en""""""",1472255979621,"""""""769296467504852994""""""",56473,"[77735, 61728, 53463, 48297, 83473]"
"""""""richmagoo""""""","""[ """"#nationaldogday"""" ]""","""""""http://pbs.twimg.com/profile_images/665716078635388928/6XE-ixR5_normal.jpg""""""",1333,2140,"""""""en""""""",1472258433550,"""""""769298385887043584""""""",87211,"[14184, 97667, 71040, 25953, 20189, 25961, 11331]"
"""""""fugly_breana""""""","""[ """"#respecttylerjoseph"""" ]""","""""""http://pbs.twimg.com/profile_images/760327975992557569/qDuYzNLQ_normal.jpg""""""",208,372,"""""""en""""""",1472263077162,"""""""769303119373021184""""""",98246,"[37460, 95625, 69897, 37000, 68647, 16426, 72669, 30952]"
"""""""batpoet""""""","""[ """"#nationaldogday"""" ]""","""""""http://pbs.twimg.com/profile_images/552390003595034624/sMQPL6RP_normal.jpeg""""""",1113,996,"""""""en""""""",1472262148623,"""""""769302155517792256""""""",12873,"[54813, 48852, 50713, 31366, 87009, 83420, 83940, 17614, 93033, 28737]"
"""""""911Advocate""""""","""[ """"#nationaldogday"""" ]""","""""""http://pbs.twimg.com/profile_images/677635048137482240/iHH2mcTy_normal.jpg""""""",441,567,"""""""en""""""",1472260167135,"""""""769299305605632001""""""",56195,"[16365, 33127, 40635, 60709, 51051]"
"""""""callieviolet29""""""","""[ """"#nationaldogday"""" ]""","""""""http://pbs.twimg.com/profile_images/766426234066604032/62pND6sr_normal.jpg""""""",179,369,"""""""en""""""",1472273470999,"""""""769312465507131392""""""",42582,"[61728, 64963, 18756, 63336, 84873, 85096, 42059, 86991, 26641, 12275, 42389, 75509, 53463, 11257, 62524, 99615]"
"""""""_laurenhamblen""""""","""[ """"#nationaldogday"""" ]""","""""""http://pbs.twimg.com/profile_images/766442633396948992/gLhHn5mG_normal.jpg""""""",375,333,"""""""en""""""",1472257673990,"""""""769297739222020096""""""",72423,[]
"""""""ashreve99""""""","""[ """"#nationaldogday"""", """"#respecttylerjoseph"""" ]""","""""""http://pbs.twimg.com/profile_images/750774748636966912/xqCUL3Ac_normal.jpg""""""",674,370,"""""""en""""""",1472262641998,"""""""769298237710753793""""""",32006,"[42136, 79366, 76435, 83420, 71472, 12873, 13783, 42582, 40635]"
"""""""britcristiano""""""","""[ """"#nationaldogday"""" ]""","""""""http://pbs.twimg.com/profile_images/768909754982813696/yAbFGlWx_normal.jpg""""""",545,251,"""""""en""""""",1472255659902,"""""""769296354602516480""""""",96646,[]
"""""""SubySalt""""""","""[ """"#nationaldogday"""" ]""","""""""http://pbs.twimg.com/profile_images/740368256498860032/0_191_V7_normal.jpg""""""",216,449,"""""""en""""""",1472271758125,"""""""769310773558542336""""""",10365,"[42582, 18470]"
"""""""Jadeannpenny""""""","""[ """"#respecttylerjoseph"""" ]""","""""""http://pbs.twimg.com/profile_images/765562620518752256/HWda09KW_normal.jpg""""""",219,310,"""""""en""""""",1472260323055,"""""""769299226325032961""""""",95528,[42474]
"""""""geekalabama""""""","""[ """"#nationaldogday"""" ]""","""""""http://pbs.twimg.com/profile_images/683972369933701122/FBWg51v__normal.png""""""",1035,1198,"""""""en""""""",1472253460565,"""""""769295199872876545""""""",76119,"[26641, 97686, 96540, 99615, 67746, 96293, 76070, 21299, 62524, 64963, 18756, 42059, 87628, 48852, 37460, 63336, 85096, 75509, 11257]"
"""""""21hassler""""""","""[ """"#nationaldogday"""" ]""","""""""http://pbs.twimg.com/profile_images/764558029333291008/2U4Lxqht_normal.jpg""""""",258,155,"""""""en""""""",1472267125180,"""""""769306105935597568""""""",20189,"[24482, 63658, 67113, 18884, 63652, 87009, 94775]"
"""""""foreverkiki""""""","""[ """"#nationaldogday"""" ]""","""""""http://pbs.twimg.com/profile_images/760260858970681344/PEh1K4LQ_normal.jpg""""""",460,296,"""""""en""""""",1472258377723,"""""""769298327691296769""""""",90576,"[80130, 64963, 18756, 63336, 85096, 42059, 88912, 26641, 12275, 75509, 11257, 62524, 99615]"
"""""""KayJaneOfficial""""""","""[ """"#nationaldogday"""" ]""","""""""http://pbs.twimg.com/profile_images/753041549320151040/-AArf1jm_normal.jpg""""""",116,175,"""""""en""""""",1472261113159,"""""""769300995293741057""""""",56170,"[51555, 85051, 43430, 33022]"
"""""""Loggerswife369""""""","""[ """"#nationaldogday"""" ]""","""""""http://pbs.twimg.com/profile_images/768906810786979840/etewR7dv_normal.jpg""""""",343,429,"""""""en""""""",1472262751293,"""""""769302611409375232""""""",11835,"[54841, 51590, 11818, 79366, 87211]"
"""""""lakingsareawso1""""""","""[ """"#nationaldogday"""" ]""","""""""http://pbs.twimg.com/profile_images/763450897850470401/H1YIzD29_normal.jpg""""""",109,145,"""""""en""""""",1472273554222,"""""""769312564639432705""""""",37460,"[60240, 47424, 11005]"
"""""""miniejm1993""""""","""[ """"#nationaldogday"""" ]""","""""""http://pbs.twimg.com/profile_images/751104912939839488/FAhlK0k-_normal.jpg""""""",362,708,"""""""en""""""",1472269069161,"""""""769307981510868993""""""",56281,"[69897, 89663, 94775]"
"""""""dianaiscoolaf""""""","""[ """"#justinreactivatedparty"""", """"#idonottrustanyonewho"""" ]""","""""""http://pbs.twimg.com/profile_images/770277367545749504/JXk4kRWW_normal.jpg""""""",150,110,"""""""en""""""",1472484462720,"""""""770277703446622208""""""",58209,"[20467, 67749]"
"""""""ShaneAllison""""""","""[ """"#gloryoutnow"""", """"#nationaldogday"""" ]""","""""""http://pbs.twimg.com/profile_images/768946965107224576/OmaiFAj2_normal.jpg""""""",712,793,"""""""en""""""",1472259878839,"""""""769293851563401217""""""",16426,"[73172, 16426, 83740, 78307, 24924]"
"""""""MarylandGirl85""""""","""[ """"#nationaldogday"""" ]""","""""""http://pbs.twimg.com/profile_images/550685847452803072/J8DHIrAd_normal.jpeg""""""",159,534,"""""""en""""""",1472259086122,"""""""769298846203703296""""""",41761,"[21779, 97686, 90733, 30952, 20467, 12976, 76435, 63652]"
"""""""Epona_love""""""","""[ """"#nationaldogday"""" ]""","""""""http://pbs.twimg.com/profile_images/760526007598059520/vBiKCJ3D_normal.jpg""""""",1573,1214,"""""""en""""""",1472265022668,"""""""769304108922568704""""""",31523,"[20811, 18884, 50776, 29417, 64013, 87211, 45558, 60199, 40978, 83740]"
"""""""DarcECulp""""""","""[ """"#nationaldogday"""" ]""","""""""http://pbs.twimg.com/profile_images/768990001992310784/EI9UGJq5_normal.jpg""""""",571,566,"""""""en""""""",1472267462648,"""""""769306434974593024""""""",21779,"[96245, 56473, 33862]"
"""""""slwtowns""""""","""[ """"#respecttylerjoseph"""" ]""","""""""http://pbs.twimg.com/profile_images/769050536574345216/nXXhE0nc_normal.jpg""""""",586,102,"""""""en""""""",1472256196885,"""""""769296644110163969""""""",27142,"[53165, 68054, 25953, 32390, 87527, 29874, 83845, 83498, 15113]"
"""""""jetbIackjoseph""""""","""[ """"#respecttylerjoseph"""" ]""","""""""http://pbs.twimg.com/profile_images/768251960734654464/V6OYuQhS_normal.jpg""""""",487,527,"""""""en""""""",1472258555363,"""""""769298503235411968""""""",58992,"[42136, 75509, 51051, 42389, 84837, 48114, 65249, 30952]"
"""""""_keezybabyy""""""","""[ """"#nationaldogday"""" ]""","""""""http://pbs.twimg.com/profile_images/756334264950542337/6PhI05Bp_normal.jpg""""""",657,492,"""""""en""""""",1472261388015,"""""""769301332364713984""""""",32662,"[45660, 44183, 60709, 82547, 24924, 66485, 89990]"
"""""""trblrene""""""","""[ """"#getwellsoonjackson"""" ]""","""""""http://pbs.twimg.com/profile_images/765756268560592896/yT8fbSfE_normal.jpg""""""",534,250,"""""""en""""""",1472736065994,"""""""771337050419191809""""""",35931,"[94574, 23526, 62296]"
"""""""SBCSDrguillen""""""","""[ """"#nationaldogday"""" ]""","""""""http://pbs.twimg.com/profile_images/549648310986735616/WTXn6LIG_normal.jpeg""""""",449,377,"""""""en""""""",1472265304178,"""""""769304419745734657""""""",48852,"[98571, 16365, 31366, 64013, 79417, 50155, 85051, 94452, 84702]"
"""""""shoegirlberlin""""""","""[ """"#nationaldogday"""" ]""","""""""http://pbs.twimg.com/profile_images/711864392053354496/ByWRMOWj_normal.jpg""""""",682,557,"""""""en""""""",1472252202907,"""""""769294227511603200""""""",69836,"[54515, 35827, 59241, 84423]"
"""""""Abrielle_Says""""""","""[ """"#nationaldogday"""" ]""","""""""http://pbs.twimg.com/profile_images/732094828813549568/kuo2PTVe_normal.jpg""""""",986,491,"""""""en""""""",1472269186492,"""""""769308130895200257""""""",58649,"[48852, 94574, 34181, 29874, 45660, 77221, 39483, 31728]"
"""""""anibundel""""""","""[ """"#nationaldogday"""" ]""","""""""http://pbs.twimg.com/profile_images/763209847147995136/fUHz_-UZ_normal.jpg""""""",1238,929,"""""""en""""""",1472251853721,"""""""769294466943447041""""""",65249,[34355]
"""""""TheKeepArchives""""""","""[ """"#nationaldogday"""" ]""","""""""http://pbs.twimg.com/profile_images/378800000757225338/70dfeb03209898914c53f6d0d8523901_normal.png""""""",1773,742,"""""""en""""""",1472248811286,"""""""769293374356529156""""""",13783,"[60240, 43754]"
"""""""ShawnCraig""""""","""[ """"#nationaldogday"""" ]""","""""""http://pbs.twimg.com/profile_images/715231382642040836/8SYVGw3b_normal.jpg""""""",1910,103,"""""""en""""""",1472272469704,"""""""769311276468240384""""""",29874,"[95625, 34941, 37440, 45660, 54813, 78742, 89663, 26641, 64963, 32662]"
"""""""emmyluvsyou""""""","""[ """"#nationaldogday"""" ]""","""""""http://pbs.twimg.com/profile_images/724704691725078528/lICYgpyi_normal.jpg""""""",387,1561,"""""""en""""""",1472261429346,"""""""769301352514195456""""""",73172,"[85439, 63658, 48114, 76435, 88912, 58992, 45660]"
"""""""Lauravxo__""""""","""[ """"#nationaldogday"""" ]""","""""""http://pbs.twimg.com/profile_images/766757355774103554/WyWZvCg-_normal.jpg""""""",949,434,"""""""en""""""",1472256403981,"""""""769296630566703106""""""",27712,"[31728, 97686, 23004, 67749, 64013, 78742, 50155, 64963]"
"""""""nateholland10""""""","""[ """"#nationaldogday"""" ]""","""""""http://pbs.twimg.com/profile_images/717195034156670977/OtrEkzrj_normal.jpg""""""",238,282,"""""""en""""""",1472266691610,"""""""769305684399665152""""""",92304,"[31728, 90531, 73719]"
"""""""emmalouise08193""""""","""[ """"#nationaldogday"""" ]""","""""""http://pbs.twimg.com/profile_images/661214230251765761/6f0hOE7O_normal.jpg""""""",163,295,"""""""en""""""",1472268146579,"""""""769306949238263809""""""",39483,[]
"""""""jbaade95""""""","""[ """"#nationaldogday"""" ]""","""""""http://pbs.twimg.com/profile_images/562299425603600384/O9s73c0j_normal.jpeg""""""",309,189,"""""""en""""""",1472270832053,"""""""769309691964907523""""""",45660,"[92304, 78664, 77221, 43214, 56195]"
"""""""JoshuaGilliam1""""""","""[ """"#nationaldogday"""" ]""","""""""http://pbs.twimg.com/profile_images/619891154079723520/pnXns_FC_normal.jpg""""""",144,142,"""""""en""""""",1472265910542,"""""""769304821249744896""""""",79829,"[85051, 53463]"
"""""""byrdaroo22""""""","""[ """"#nationaldogday"""" ]""","""""""http://pbs.twimg.com/profile_images/757949420117880832/BFKigBSV_normal.jpg""""""",1015,791,"""""""en""""""",1472260611238,"""""""769300423832440833""""""",96860,"[12976, 90733, 94452, 33127, 99150, 68531, 67355]"
"""""""lovethatvato""""""","""[ """"#respecttylerjoseph"""" ]""","""""""http://pbs.twimg.com/profile_images/768534836654907392/aKV-2yw2_normal.jpg""""""",2717,697,"""""""en""""""",1472286727134,"""""""769452413325488128""""""",60199,"[30952, 59244, 69897, 26093, 94979, 20639, 34941]"
"""""""arlenethebean_""""""","""[ """"#nationaldogday"""" ]""","""""""http://pbs.twimg.com/profile_images/765328848518914048/NJUEFQhA_normal.jpg""""""",227,185,"""""""en""""""",1472287032927,"""""""769453700339212288""""""",54445,"[11835, 50776, 89651, 30034]"
"""""""BriaQuesadilla""""""","""[ """"#nationaldogday"""" ]""","""""""http://pbs.twimg.com/profile_images/739515783894573061/hi3eROrz_normal.jpg""""""",333,1088,"""""""en""""""",1472271699887,"""""""769310707615752192""""""",53463,"[33083, 54445, 72423, 32446, 86924, 87130, 43214, 86186]"
"""""""roxysanchez__""""""","""[ """"#nationaldogday"""" ]""","""""""http://pbs.twimg.com/profile_images/746896618994049024/QLdA4jLf_normal.jpg""""""",731,589,"""""""en""""""",1472268876697,"""""""769307820252467200""""""",85051,"[83845, 15113, 58357]"
"""""""LindaSt49316856""""""","""[ """"#nationaldogday"""" ]""","""""""http://pbs.twimg.com/profile_images/745376326081712132/-L2HvSSf_normal.jpg""""""",728,1152,"""""""en""""""",1472260285449,"""""""769300081472307200""""""",30952,"[28737, 34181, 44897, 96860, 42389, 55951]"
"""""""alexvromeroo""""""","""[ """"#nationaldogday"""" ]""","""""""http://pbs.twimg.com/profile_images/768294046808707073/TUM2CCkj_normal.jpg""""""",142,106,"""""""en""""""",1472261328812,"""""""769301270293311496""""""",57903,"[43430, 67749, 80130, 93033, 47359, 86186, 29417, 21104, 45660, 51051]"
"""""""joey_woods1""""""","""[ """"#nationaldogday"""" ]""","""""""http://pbs.twimg.com/profile_images/754456075701669888/EwIQZjJq_normal.jpg""""""",1708,268,"""""""en""""""",1472267835653,"""""""769306637563727872""""""",62781,[40635]
"""""""__Tann""""""","""[ """"#nationaldogday"""" ]""","""""""http://pbs.twimg.com/profile_images/768277485012279297/h_IoDGL1_normal.jpg""""""",1663,849,"""""""en""""""",1472265900817,"""""""769304588465733632""""""",40635,"[25063, 33083, 21779, 18470, 86532, 30952, 32472, 72423, 12275]"
"""""""DJBake91""""""","""[ """"#nationaldogday"""" ]""","""""""http://pbs.twimg.com/profile_images/735624624084422657/I-c6HA8P_normal.jpg""""""",3042,2441,"""""""en""""""",1472256707740,"""""""769297143324667904""""""",94452,"[90531, 78742, 21299, 27142, 37000]"
"""""""MXIMVS""""""","""[ """"#nationaldogday"""" ]""","""""""http://pbs.twimg.com/profile_images/763119170858942464/wl7g8g8j_normal.jpg""""""",606,426,"""""""en""""""",1472270910284,"""""""769309786177404928""""""",32472,"[23004, 97667, 96245, 16365, 20467, 38132, 35827, 71472]"
"""""""_trashtbh_""""""","""[ """"#respecttylerjoseph"""" ]""","""""""http://pbs.twimg.com/profile_images/766516819918069761/3QXnQH5x_normal.jpg""""""",682,513,"""""""en""""""",1472251431537,"""""""769294313662447616""""""",67930,"[92304, 48852, 50776, 54841, 26779]"
"""""""wtk_allie""""""","""[ """"#respecttylerjoseph"""" ]""","""""""http://pbs.twimg.com/profile_images/739489977084481536/AnrJTHoW_normal.jpg""""""",295,825,"""""""en""""""",1472260047331,"""""""769299833974820864""""""",90531,"[50446, 21299, 89651, 71991, 64488]"
"""""""Morgan1975Andy""""""","""[ """"bournemouth"""" ]""","""""""http://pbs.twimg.com/profile_images/462249714956922881/5ITgJf_K_normal.jpeg""""""",124,112,"""""""en""""""",1472668746533,"""""""771054394875973632""""""",73719,"[12976, 97053, 26641, 71040, 67355, 68531]"
"""""""thrivouis""""""","""[ """"#happybirthdayliampayne"""" ]""","""""""http://pbs.twimg.com/profile_images/715622500244303873/WQm1seNi_normal.jpg""""""",4764,4254,"""""""en""""""",1472483712667,"""""""770277425431339008""""""",79417,"[60685, 31727]"
"""""""spookyhaleigh""""""","""[ """"#respecttylerjoseph"""" ]""","""""""http://pbs.twimg.com/profile_images/767682750069477376/oOM_HNxf_normal.jpg""""""",1372,811,"""""""en""""""",1472256593370,"""""""769296977863512064""""""",47359,"[19411, 80605, 87009, 24482, 88912, 11005, 62524, 26590, 85096, 89990]"
"""""""_elaina""""""","""[ """"#nationaldogday"""" ]""","""""""http://pbs.twimg.com/profile_images/768650642458025984/OSVK9scz_normal.jpg""""""",571,584,"""""""en""""""",1472261587322,"""""""769301466993524736""""""",62285,[97053]
"""""""tsilkky""""""","""[ """"#nationaldogday"""" ]""","""""""http://pbs.twimg.com/profile_images/762450689398157313/1fjKlC-s_normal.jpg""""""",111,429,"""""""en""""""",1472268518300,"""""""769297312065658880""""""",21104,"[53165, 32662, 54841]"
"""""""ethnoslfl""""""","""[ """"#respecttylerjoseph"""" ]""","""""""http://pbs.twimg.com/profile_images/767944665270071296/Wt7zLyBe_normal.jpg""""""",1271,2003,"""""""en""""""",1472255849772,"""""""769296428778741760""""""",94691,"[18648, 87527, 96293, 79829, 29374]"
"""""""YESWECAN53""""""","""[ """"#nationaldogday"""" ]""","""""""http://pbs.twimg.com/profile_images/657995087524204544/i-Xt3l4B_normal.jpg""""""",1630,1750,"""""""en""""""",1472273377995,"""""""769312355306143744""""""",28938,"[50748, 84873, 76425]"
"""""""llKarishma""""""","""[ """"#nationaldogday"""" ]""","""""""http://pbs.twimg.com/profile_images/566787288860880897/XLzh_EyS_normal.jpeg""""""",384,543,"""""""en""""""",1472254625907,"""""""769295495445385216""""""",74346,"[24482, 64963, 18756, 77735, 63336, 85096, 42059, 26641, 75509, 50776, 11257, 62524, 99615]"
"""""""Claire_randell1""""""","""[ """"#nationaldogday"""" ]""","""""""http://pbs.twimg.com/profile_images/767174726389264384/MCGJUKYe_normal.jpg""""""",169,375,"""""""en""""""",1472269074883,"""""""769307991917023233""""""",98571,"[12976, 50713, 24924]"
"""""""CBS46Sports""""""","""[ """"#nationaldogday"""" ]""","""""""http://pbs.twimg.com/profile_images/640595149354106880/7IgI5eHC_normal.png""""""",855,873,"""""""en""""""",1472256245111,"""""""769296700506775556""""""",45343,"[65654, 69283, 21814, 26590, 76435, 85885, 30483]"
"""""""Aivy88""""""","""[ """"#backtohogwarts"""" ]""","""""""http://pbs.twimg.com/profile_images/764415689037799424/5UgFWFP7_normal.jpg""""""",446,649,"""""""en""""""",1472742985600,"""""""771366103050223616""""""",94574,"[83473, 87628, 40978, 82823, 32662]"
"""""""RKEpstein""""""","""[ """"#nationaldogday"""" ]""","""""""http://pbs.twimg.com/profile_images/466948794970423296/hzK1TU3k_normal.jpeg""""""",282,279,"""""""en""""""",1472262230427,"""""""769302262594281472""""""",11818,"[55951, 26641, 30483, 99615, 56483, 36652, 88635, 62524, 64963, 18756, 87755, 42059, 87130, 63336, 85096, 76140, 64748, 75509, 11257]"
"""""""snohoflyfishing""""""","""[ """"#nationaldogday"""" ]""","""""""http://pbs.twimg.com/profile_images/702500976926674944/533l61a8_normal.jpg""""""",1146,1131,"""""""en""""""",1472270731424,"""""""769309595072401408""""""",12976,"[86186, 42059]"
"""""""Jano5SOSkianss""""""","""[ """"#veranomtv2016"""" ]""","""""""http://pbs.twimg.com/profile_images/726913112817995776/HZ7VbXhc_normal.jpg""""""",2252,2345,"""""""en""""""",1472745562790,"""""""771376841454153728""""""",21814,"[58778, 54813, 72423]"
"""""""jz_alva""""""","""[ """"#nationaldogday"""" ]""","""""""http://pbs.twimg.com/profile_images/764922680080420864/mH6hihyg_normal.jpg""""""",258,207,"""""""en""""""",1472261200906,"""""""769301093696155648""""""",42389,"[67113, 54628, 43214, 78742]"
"""""""Tash4Ash""""""","""[ """"#nationaldogday"""" ]""","""""""http://pbs.twimg.com/profile_images/645286440042135553/MNPjMDhv_normal.jpg""""""",354,1700,"""""""en""""""",1472287206362,"""""""769454427979784193""""""",86924,[]
"""""""MartyFraser98""""""","""[ """"#nationaldogday"""" ]""","""""""http://pbs.twimg.com/profile_images/744266256686129152/-Dsldgrm_normal.jpg""""""",290,778,"""""""en""""""",1472260279888,"""""""769300072160980994""""""",44183,[]
"""""""AlexisKornaker""""""","""[ """"#nationaldogday"""" ]""","""""""http://pbs.twimg.com/profile_images/765226893176033280/nUsy2vhU_normal.jpg""""""",815,307,"""""""en""""""",1472270857010,"""""""769309723631898624""""""",18470,"[54628, 76119, 31728, 87130]"
"""""""HankTheGolden""""""","""[ """"#nationaldogday"""" ]""","""""""http://pbs.twimg.com/profile_images/581430087423287296/-CguCthI_normal.jpg""""""",443,207,"""""""en""""""",1472268582255,"""""""769307506912919552""""""",99837,"[42136, 96646, 25953, 78307, 58992]"
"""""""Daniel_L_Rivas""""""","""[ """"#nationaldogday"""" ]""","""""""http://pbs.twimg.com/profile_images/2958131532/b171f845e22fe25bcd9884b1a7b1da25_normal.jpeg""""""",1384,952,"""""""en""""""",1472264437714,"""""""769303372847456256""""""",84702,"[32390, 78827, 90576, 34355, 94979]"
"""""""mykaelabrock""""""","""[ """"#nationaldogday"""" ]""","""""""http://pbs.twimg.com/profile_images/643198919132868608/OkC5XMqP_normal.jpg""""""",227,230,"""""""en""""""",1472262186025,"""""""769302200304607233""""""",83473,"[44183, 48852, 58209, 26641, 69283, 58746, 76140, 55957, 88635]"
"""""""iamkevg""""""","""[ """"#nationaldogday"""" ]""","""""""http://pbs.twimg.com/profile_images/751175471711154178/3UnZMOWp_normal.jpg""""""",108,569,"""""""en""""""",1472265056971,"""""""769301516825997314""""""",85032,"[96860, 77735, 89663, 62524, 82371, 94574, 87009, 76425, 99719]"
"""""""JamesGang_""""""","""[ """"#nationaldogday"""" ]""","""""""http://pbs.twimg.com/profile_images/507987664746733568/XDCIC5w6_normal.jpeg""""""",286,1755,"""""""en""""""",1472264864231,"""""""769303940106190848""""""",35317,"[90733, 62524, 73719, 89663]"
"""""""Taryn__Bates""""""","""[ """"#nationaldogday"""" ]""","""""""http://pbs.twimg.com/profile_images/766817530719666176/3-vwikDU_normal.jpg""""""",467,430,"""""""en""""""",1472262348443,"""""""769302384162078721""""""",50155,"[90152, 58446, 97562, 95625]"
"""""""julieroginsky""""""","""[ """"#nationaldogday"""" ]""","""""""http://pbs.twimg.com/profile_images/769250398959988736/SScFrQm2_normal.jpg""""""",16828,1013,"""""""en""""""",1472266519831,"""""""769305493030535168""""""",83498,[]
"""""""M_Cheney24""""""","""[ """"#nationaldogday"""" ]""","""""""http://pbs.twimg.com/profile_images/756893504018587648/JUCeYrb3_normal.jpg""""""",607,485,"""""""en""""""",1472253234995,"""""""769294942166458368""""""",82371,"[78307, 60709, 76425, 67355, 37460, 16365, 21299]"
"""""""avisbassnotes_""""""","""[ """"#nationaldogday"""", """"#respecttylerjoseph"""" ]""","""""""http://pbs.twimg.com/profile_images/749770973386334208/1CMlMgU2_normal.jpg""""""",399,379,"""""""en""""""",1472256574288,"""""""769294954158055424""""""",59244,"[95625, 76140, 37000, 85051, 58446, 90531]"
"""""""calscastaways""""""","""[ """"#happybirthdaydylanobrien"""" ]""","""""""http://pbs.twimg.com/profile_images/764477999072808960/j-keu3FD_normal.jpg""""""",1913,1678,"""""""en""""""",1472272835541,"""""""769311710394056704""""""",34181,"[78827, 87527, 31727, 51051]"
"""""""cee_mamii""""""","""[ """"#nationaldogday"""" ]""","""""""http://pbs.twimg.com/profile_images/767390207448522752/wCtXA6O-_normal.jpg""""""",2887,754,"""""""en""""""",1472262017577,"""""""769301416313618432""""""",50748,"[76404, 19411, 90576, 37272, 35827, 63336, 61728, 85439, 45954]"
"""""""QTTaybooty""""""","""[ """"#nationaldogday"""" ]""","""""""http://pbs.twimg.com/profile_images/759513305438261248/r6U3Ujf-_normal.jpg""""""",398,225,"""""""en""""""",1472274162643,"""""""769313293714415617""""""",54813,"[29417, 93033, 54515, 57429, 76435, 60199, 78595, 78827]"
"""""""ebiekane""""""","""[ """"#nationaldogday"""" ]""","""""""http://pbs.twimg.com/profile_images/714093793616797697/AccL_9oF_normal.jpg""""""",115,249,"""""""en""""""",1472266254121,"""""""769305174099853312""""""",84837,"[77221, 38132, 59666]"
"""""""CarlosJStgo""""""","""[ """"#nationaldogday"""" ]""","""""""http://pbs.twimg.com/profile_images/765762706880270336/kmFYarTL_normal.jpg""""""",392,378,"""""""en""""""",1472271503453,"""""""769310516879712256""""""",21948,"[67930, 90576, 89663, 54813, 44897, 82371, 59666, 54183, 37440]"
"""""""ShainaMarie5456""""""","""[ """"#nationaldogday"""" ]""","""""""http://pbs.twimg.com/profile_images/732368505958342656/5Zq_nOQJ_normal.jpg""""""",202,392,"""""""en""""""",1472257575791,"""""""769297676974174208""""""",80130,"[63078, 59666, 52658, 64488, 86991, 58357, 98571, 62285]"
"""""""gogetemcam""""""","""[ """"#respecttylerjoseph"""" ]""","""""""http://pbs.twimg.com/profile_images/761299862960820224/cXrG5wQv_normal.jpg""""""",649,546,"""""""en""""""",1472267927186,"""""""769306342968348672""""""",37417,"[95528, 99615]"
"""""""TheRealGMoney76""""""","""[ """"#nationaldogday"""" ]""","""""""http://pbs.twimg.com/profile_images/653111983441448961/sfFxSpQE_normal.jpg""""""",881,1186,"""""""en""""""",1472259837481,"""""""769299576993873920""""""",28737,[63336]
"""""""becker_jemima""""""","""[ """"#respecttylerjoseph"""" ]""","""""""http://pbs.twimg.com/profile_images/586489850783666177/5GaKQVvV_normal.jpg""""""",387,747,"""""""en""""""",1472267908502,"""""""769306687773761537""""""",34355,"[95756, 37000, 51051]"
"""""""sadxdad""""""","""[ """"#nationaldogday"""" ]""","""""""http://pbs.twimg.com/profile_images/765033928046604292/CnBX_IkN_normal.jpg""""""",322,304,"""""""en""""""",1472260803698,"""""""769300629609000960""""""",64963,"[35931, 87009, 87527, 52658, 41999, 54445, 96860, 60240]"
"""""""miiasaurous""""""","""[ """"#respecttylerjoseph"""", """"halsey"""" ]""","""""""http://pbs.twimg.com/profile_images/766462881512747008/MxQ0LfCs_normal.jpg""""""",5734,202,"""""""en""""""",1472487369676,"""""""769303657074528257""""""",60685,[52658]
"""""""harry_hydro""""""","""[ """"#nationaldogday"""" ]""","""""""http://pbs.twimg.com/profile_images/607376117473738752/aw3qjzm9_normal.png""""""",290,463,"""""""en""""""",1472261243176,"""""""769301153985204224""""""",55951,"[71397, 96245, 34181, 12354, 33127, 37674, 11005, 99615]"
"""""""mynamesallie""""""","""[ """"#nationaldogday"""" ]""","""""""http://pbs.twimg.com/profile_images/769022621279219713/kUTpc3HK_normal.jpg""""""",950,339,"""""""en""""""",1472262676860,"""""""769302691591888896""""""",71597,"[25961, 95625, 56281, 72423, 88635, 58649, 50748, 50713, 29374]"
"""""""austinabell2""""""","""[ """"#nationaldogday"""" ]""","""""""http://pbs.twimg.com/profile_images/753758404938567680/AT1iHZml_normal.jpg""""""",245,288,"""""""en""""""",1472254477365,"""""""769295371818438657""""""",34941,"[51590, 11331]"
"""""""mrtgonzal""""""","""[ """"harry potter"""" ]""","""""""http://pbs.twimg.com/profile_images/766858810602369025/cbJCJq_n_normal.jpg""""""",122,339,"""""""en""""""",1472803142841,"""""""771618402876043264""""""",87628,"[87211, 90963, 29417, 86924, 88028, 72423, 21948, 18884, 30034, 42059]"
"""""""casscouling""""""","""[ """"#nationaldogday"""" ]""","""""""http://pbs.twimg.com/profile_images/765575128981774336/7m6I0zBN_normal.jpg""""""",173,110,"""""""en""""""",1472260406811,"""""""769300208618467328""""""",19621,"[28737, 26093, 40635, 56483, 42582, 10988, 77720, 87628, 99150, 72301]"
"""""""syakirahfaisol""""""","""[ """"sam claflin"""" ]""","""""""http://pbs.twimg.com/profile_images/763057657842274304/ZoWKFegq_normal.jpg""""""",264,123,"""""""en""""""",1472802000574,"""""""771613631083524096""""""",46274,"[69836, 46274, 16365, 87628, 96540, 76140, 42582, 64748, 76070]"
"""""""emmacoburn24""""""","""[ """"#nationaldogday"""" ]""","""""""http://pbs.twimg.com/profile_images/631672945962840064/VMymoXjR_normal.jpg""""""",170,182,"""""""en""""""",1472264688450,"""""""769303696152952832""""""",97686,"[79366, 63658, 21779, 54813, 71040, 79388, 85096]"
"""""""__LoWo""""""","""[ """"#nationaldogday"""" ]""","""""""http://pbs.twimg.com/profile_images/761792894399315968/SA6Qa_ig_normal.jpg""""""",1261,693,"""""""en""""""",1472257921609,"""""""769297944709369856""""""",65654,"[26590, 64748, 89709, 72301, 33083, 78827, 28938, 55951, 76435]"
"""""""JennyJohnsonHi5""""""","""[ """"#nationaldogday"""" ]""","""""""http://pbs.twimg.com/profile_images/1596583013/securedownload_normal.jpeg""""""",412132,1087,"""""""en""""""",1472258360446,"""""""769298308388892672""""""",94038,"[64963, 18756, 71397, 33862, 63336, 85096, 20811, 42059, 50446, 26641, 21779, 75509, 11257, 62524, 99615]"
"""""""ParkerDonovan""""""","""[ """"#nationaldogday"""" ]""","""""""http://pbs.twimg.com/profile_images/767533261199331328/B8GZssO7_normal.jpg""""""",451,350,"""""""en""""""",1472261145777,"""""""769301030752313344""""""",11257,"[39483, 37460, 62285, 82371, 97686, 14184, 96534, 42136]"
"""""""daisy__meyer""""""","""[ """"#nationaldogday"""" ]""","""""""http://pbs.twimg.com/profile_images/757600775698780160/pX7m0Odl_normal.jpg""""""",735,570,"""""""en""""""",1472266929531,"""""""769305954089328640""""""",30236,"[64963, 18756, 61958, 63336, 85096, 98571, 42059, 50446, 26641, 75509, 50713, 97562, 62524, 11257, 99615]"
"""""""Feehlo""""""","""[ """"#nationaldogday"""" ]""","""""""http://pbs.twimg.com/profile_images/766731221099577349/6loUNFTr_normal.jpg""""""",273,232,"""""""en""""""",1472267011848,"""""""769306026713681920""""""",63658,"[97562, 33022, 60709, 96540, 45343, 64748, 51555]"
"""""""saraharrison330""""""","""[ """"#nationaldogday"""" ]""","""""""http://pbs.twimg.com/profile_images/760038751942823936/mAXpR30R_normal.jpg""""""",240,808,"""""""en""""""",1472268515175,"""""""769307414596243456""""""",18648,"[25063, 45660]"
"""""""laurenjarrett21""""""","""[ """"#nationaldogday"""" ]""","""""""http://pbs.twimg.com/profile_images/768835228878024704/cic0VX7U_normal.jpg""""""",645,419,"""""""en""""""",1472268587067,"""""""769307513732886529""""""",43754,"[83420, 48297, 73172, 77735]"
"""""""courteneyboycee""""""","""[ """"#nationaldogday"""" ]""","""""""http://pbs.twimg.com/profile_images/768550067615793153/XayPmU08_normal.jpg""""""",292,283,"""""""en""""""",1472257585119,"""""""769297678920327168""""""",31727,[21104]
"""""""kojibarnaby""""""","""[ """"#nationaldogday"""" ]""","""""""http://pbs.twimg.com/profile_images/752270452202934272/j2WrRhr3_normal.jpg""""""",119,128,"""""""en""""""",1472258063501,"""""""769298044684754944""""""",30034,"[90963, 14184, 87130, 71397, 42059]"
"""""""cliphy""""""","""[ """"#nationaldogday"""" ]""","""""""http://pbs.twimg.com/profile_images/1877330591/Astro_Boy_Headshot_normal.jpg""""""",124,315,"""""""en""""""",1472266639794,"""""""769305624920395776""""""",37000,"[53463, 28938, 83845]"
"""""""sarabords99""""""","""[ """"#nationaldogday"""" ]""","""""""http://pbs.twimg.com/profile_images/733693322745778176/Lm0Nupi1_normal.jpg""""""",110,104,"""""""en""""""",1472260486847,"""""""769300291749490688""""""",95844,[]
"""""""LauraMcEwan61""""""","""[ """"#nationaldogday"""" ]""","""""""http://pbs.twimg.com/profile_images/716320856914403328/l_ICQa3n_normal.jpg""""""",159,324,"""""""en""""""",1472249964400,"""""""769293858953977859""""""",87009,"[28938, 26641, 32662, 27294, 99615, 56483, 18470, 62524, 64963, 18756, 20811, 42059, 48338, 37460, 88028, 78307, 63336, 85096, 75509, 11257]"
"""""""scammon1996""""""","""[ """"#nationaldogday"""" ]""","""""""http://pbs.twimg.com/profile_images/748892879834189825/dII5VY2U_normal.jpg""""""",179,337,"""""""en""""""",1472265117420,"""""""769304124106108928""""""",83845,"[42136, 37440]"
"""""""AMILLION4JESUS""""""","""[ """"#nationaldogday"""" ]""","""""""http://pbs.twimg.com/profile_images/1207113340/Christ_-_Resurrection_-_He_Lives_-_Simon_Dewey_normal.jpg""""""",10999,10966,"""""""en""""""",1472272804860,"""""""769311676579450881""""""",67113,"[55957, 50776, 56170, 26590, 23526, 93033, 60709, 37417, 58746]"
"""""""hannah_berry24""""""","""[ """"#nationaldogday"""" ]""","""""""http://pbs.twimg.com/profile_images/768287829302530048/uGy8mxpr_normal.jpg""""""",633,714,"""""""en""""""",1472249078622,"""""""769293475443388416""""""",16365,"[96860, 46510, 54183, 42738, 59244, 67746, 96245]"
"""""""DrBillCohen""""""","""[ """"#nationaldogday"""" ]""","""""""http://pbs.twimg.com/profile_images/768978412052500480/nbxDIw0d_normal.jpg""""""",245,511,"""""""en""""""",1472261000263,"""""""769300851701665793""""""",96534,"[64013, 34355, 71335]"
"""""""siighirwin""""""","""[ """"#respecttylerjoseph"""" ]""","""""""http://pbs.twimg.com/profile_images/761021594336571392/ioF0geJJ_normal.jpg""""""",672,122,"""""""en""""""",1472262486111,"""""""769302502835650566""""""",18884,"[58446, 88635, 60199]"
"""""""Charles_Hooker1""""""","""[ """"#nationaldogday"""" ]""","""""""http://pbs.twimg.com/profile_images/579100483584921601/eitCC0D1_normal.jpg""""""",428,431,"""""""en""""""",1472250964306,"""""""769294234339901440""""""",56483,"[82823, 54525, 66485, 52658, 34181, 24924, 96293, 17614, 42389]"
"""""""aarmenteros1""""""","""[ """"#nationaldogday"""" ]""","""""""http://pbs.twimg.com/profile_images/767500082212179968/2RnX_Yu0_normal.jpg""""""",172,114,"""""""en""""""",1472271139205,"""""""769310089723379712""""""",71040,"[60628, 59666]"
"""""""HandgunsandWine""""""","""[ """"#nationaldogday"""" ]""","""""""http://pbs.twimg.com/profile_images/668198316212101121/ePkKmSHK_normal.jpg""""""",149,243,"""""""en""""""",1472270194105,"""""""769304582207987712""""""",58357,"[32472, 73172, 16426, 67746, 21104, 97686]"
"""""""princeforaday""""""","""[ """"#respecttylerjoseph"""" ]""","""""""http://pbs.twimg.com/profile_images/763128273136214016/mBktzVBp_normal.jpg""""""",228,352,"""""""en""""""",1472286907836,"""""""769453167641784321""""""",84273,"[90531, 28737, 78827, 10988, 48297]"
"""""""macy_schwartz""""""","""[ """"#respecttylerjoseph"""" ]""","""""""http://pbs.twimg.com/profile_images/740235139041636352/I_4fp1Jb_normal.jpg""""""",299,439,"""""""en""""""",1472265665499,"""""""769301712016334848""""""",24482,"[98571, 90576, 11331, 67113, 28938, 34941, 78742]"
"""""""RiLyDo""""""","""[ """"#nationaldogday"""" ]""","""""""http://pbs.twimg.com/profile_images/735319346071928832/GmzfZNOo_normal.jpg""""""",251,397,"""""""en""""""",1472253379881,"""""""769295104255332352""""""",61728,"[47424, 12354, 32390, 73719, 97053, 45558, 21814, 19411, 37000]"
"""""""ryan_martinez98""""""","""[ """"#nationaldogday"""" ]""","""""""http://pbs.twimg.com/profile_images/768278521860886528/KRcyvE56_normal.jpg""""""",549,319,"""""""en""""""",1472259532047,"""""""769299272919576576""""""",71991,"[76435, 53165, 86186, 60240, 72423]"
"""""""shinyyylove""""""","""[ """"#gloryoutnow"""" ]""","""""""http://pbs.twimg.com/profile_images/676092754749956096/ACtkh6DI_normal.jpg""""""",19646,540,"""""""en""""""",1472254882808,"""""""769295777709617152""""""",58778,"[94691, 84873, 54841, 82823]"
"""""""Parabataisheart""""""","""[ """"#respecttylerjoseph"""" ]""","""""""http://pbs.twimg.com/profile_images/754172555536334848/RFePccIT_normal.jpg""""""",7504,8273,"""""""en""""""",1472265230664,"""""""769302042926059520""""""",32390,"[83940, 18470, 97053, 87009, 42582, 30952, 58446]"
"""""""allimenard""""""","""[ """"#nationaldogday"""" ]""","""""""http://pbs.twimg.com/profile_images/768902303441190912/I0Pipy1-_normal.jpg""""""",746,822,"""""""en""""""",1472273569570,"""""""769312585531482113""""""",45558,"[54445, 94574, 58649]"
"""""""punchkinpeach""""""","""[ """"#nationaldogday"""" ]""","""""""http://pbs.twimg.com/profile_images/760376263810748416/uR6BnNrh_normal.jpg""""""",244,194,"""""""en""""""",1472272631996,"""""""769311446689734657""""""",50713,"[42136, 65249, 26590, 18756, 96293, 90963, 55951, 56195, 64488]"
"""""""pixielaurac""""""","""[ """"#nationaldogday"""" ]""","""""""http://pbs.twimg.com/profile_images/751881958196731905/-nxB3Ewq_normal.jpg""""""",458,419,"""""""en""""""",1472260937403,"""""""769300787864494081""""""",33022,"[50748, 45543, 31727, 94574, 90733, 86924, 34355]"
"""""""georgia_cooney_""""""","""[ """"#respecttylerjoseph"""" ]""","""""""http://pbs.twimg.com/profile_images/753424416479055873/v81VtCng_normal.jpg""""""",173,307,"""""""en""""""",1472271976137,"""""""769310912222072832""""""",89990,"[56281, 69836, 45954, 85032, 59666, 58446, 21814, 57903, 37417, 94691]"
"""""""tswiftky""""""","""[ """"#respecttylerjoseph"""" ]""","""""""http://pbs.twimg.com/profile_images/769205945087975424/UacoZLIh_normal.jpg""""""",153,354,"""""""en""""""",1472268706760,"""""""769307662714564609""""""",86991,"[76140, 33083, 78827, 65249, 33022, 68531, 71040, 51555]"
"""""""crypticedge""""""","""[ """"#nationaldogday"""" ]""","""""""http://pbs.twimg.com/profile_images/378800000069641675/f8f92f1d7ffc89e0e2c32ecdbc27d36d_normal.png""""""",2038,2276,"""""""en""""""",1472274121785,"""""""769313244964061184""""""",20467,[96540]
"""""""nannetteramire1""""""","""[ """"#nationaldogday"""" ]""","""""""http://pbs.twimg.com/profile_images/760993433032929280/D2hoLaS3_normal.jpg""""""",217,113,"""""""en""""""",1472273238278,"""""""769312173856174080""""""",83940,"[85439, 84837, 99719, 74346, 83740, 18648, 25063, 78664]"
"""""""btsxoxojimin""""""","""[ """"#isac2016"""" ]""","""""""http://pbs.twimg.com/profile_images/764482699004252161/YFK-AcGf_normal.jpg""""""",844,136,"""""""en""""""",1472483818041,"""""""770277574132072448""""""",18756,"[79417, 61958, 82547, 56473, 26093, 25056, 28737, 82512, 83940]"
"""""""xokaits_""""""","""[ """"#nationaldogday"""" ]""","""""""http://pbs.twimg.com/profile_images/763418848787828736/xK9w7juE_normal.jpg""""""",873,468,"""""""en""""""",1472256269597,"""""""769296720505278464""""""",88912,"[73172, 11331, 96646, 90531, 86186, 59241]"
"""""""BadBoyCoi""""""","""[ """"#nationaldogday"""" ]""","""""""http://pbs.twimg.com/profile_images/766960259076349957/ApL9Q2df_normal.jpg""""""",343,300,"""""""en""""""",1472258409508,"""""""769298360062844928""""""",37674,[46510]
"""""""mmarqxs""""""","""[ """"#justinssextapeleakedparty"""" ]""","""""""http://pbs.twimg.com/profile_images/768558336488902656/7rR3hjGj_normal.jpg""""""",158,228,"""""""en""""""",1472383751890,"""""""769854584730845184""""""",15113,"[31727, 27712, 29577]"
"""""""HarbertsHealth""""""","""[ """"#nationaldogday"""" ]""","""""""http://pbs.twimg.com/profile_images/765702163871825923/toXk2wYS_normal.jpg""""""",2012,649,"""""""en""""""",1472266933111,"""""""769305956740063232""""""",87130,[]
"""""""Eviagallop""""""","""[ """"#nationaldogday"""" ]""","""""""http://pbs.twimg.com/profile_images/480174715072282624/0oT_317V_normal.png""""""",1279,1880,"""""""en""""""",1472288081250,"""""""769458097702043648""""""",71335,"[72423, 90733, 50748, 87755]"
"""""""Wallace_FN""""""","""[ """"#nationaldogday"""" ]""","""""""http://pbs.twimg.com/profile_images/685411042285895680/9zvSoVGo_normal.jpg""""""",727,282,"""""""en""""""",1472288131702,"""""""769458270897512450""""""",34819,"[16426, 89663, 76435, 37674, 83740, 89709]"
"""""""BailyeP""""""","""[ """"#nationaldogday"""" ]""","""""""http://pbs.twimg.com/profile_images/759897227103866884/ejPAZs9q_normal.jpg""""""",409,674,"""""""en""""""",1472251346183,"""""""769294304657440768""""""",54183,"[44897, 62781, 25953, 88912]"
"""""""FreeReignHotRY""""""","""[ """"#nationaldogday"""" ]""","""""""http://pbs.twimg.com/profile_images/763082578668716032/sfLk7HD__normal.jpg""""""",147,237,"""""""en""""""",1472264381737,"""""""769303301439492097""""""",59241,[25056]
"""""""PriNeupane""""""","""[ """"#nationaldogday"""" ]""","""""""http://pbs.twimg.com/profile_images/758801502152503297/exsB_eJx_normal.jpg""""""",118,154,"""""""en""""""",1472272073234,"""""""769310959189958656""""""",54255,"[37460, 27294, 87527, 97053, 23004]"
"""""""killianmatthew_""""""","""[ """"#nationaldogday"""" ]""","""""""http://pbs.twimg.com/profile_images/757591611543003136/JAuwSG0s_normal.jpg""""""",755,743,"""""""en""""""",1472265114180,"""""""769304213495029761""""""",32446,"[99615, 36652, 32472, 45558, 87009, 89663, 63658, 68531, 13783]"
"""""""badassingris""""""","""[ """"#nationaldogday"""" ]""","""""""http://pbs.twimg.com/profile_images/767490309571739649/kbLazyRW_normal.jpg""""""",532,360,"""""""en""""""",1472266586928,"""""""769305567269707776""""""",14184,"[25063, 82512, 56483, 33083, 86186, 67749, 96293, 77221, 29374, 45660]"
"""""""DavidTDragonite""""""","""[ """"#youtubeisoverparty"""" ]""","""""""http://pbs.twimg.com/profile_images/754821751268216832/CyzqNdp2_normal.jpg""""""",349,333,"""""""en""""""",1472746546678,"""""""771380652360933376""""""",28887,"[37440, 76435, 25063, 82512]"
"""""""aryana_vanessa""""""","""[ """"#nationaldogday"""" ]""","""""""http://pbs.twimg.com/profile_images/767433026942840832/FpZYMKQZ_normal.jpg""""""",855,581,"""""""en""""""",1472252079959,"""""""769294550405828608""""""",96464,"[47359, 64963, 18756, 63336, 12873, 85096, 42059, 62285, 26641, 75509, 11257, 62524, 99615]"
"""""""Juliannnnnnnn10""""""","""[ """"#nationaldogday"""" ]""","""""""http://pbs.twimg.com/profile_images/756943547492806656/eHEJ0fK__normal.jpg""""""",440,367,"""""""en""""""",1472268602850,"""""""769307536776372224""""""",35827,"[87130, 80130, 96293, 37417, 72301, 97562, 63078, 33022, 46274, 32006]"
"""""""hiphippjorge""""""","""[ """"#nationaldogday"""" ]""","""""""http://pbs.twimg.com/profile_images/745090857385103364/0RUnUylR_normal.jpg""""""",480,400,"""""""en""""""",1472258186615,"""""""769298159696609280""""""",97053,"[60240, 58649, 82547, 88635, 93033, 77221, 74346, 50748]"
"""""""Happylouistommo""""""","""[ """"#louisweloveyou"""", """"#liamsbirthdayproject"""", """"#larryisoverparty"""" ]""","""""""http://pbs.twimg.com/profile_images/747311640966631424/VAb-xE3p_normal.jpg""""""",383,287,"""""""en""""""",1472806893905,"""""""769304176589279232""""""",89651,"[47359, 59244, 99150, 79366, 89990, 44183, 55951, 58746]"
"""""""PGIYEG""""""","""[ """"#nationaldogday"""" ]""","""""""http://pbs.twimg.com/profile_images/768133009518178304/Cya4bCxO_normal.jpg""""""",819,2025,"""""""en""""""",1472249658890,"""""""769293707623407616""""""",99719,"[33022, 79388, 82512, 67746]"
"""""""sydney_lynn15""""""","""[ """"#nationaldogday"""" ]""","""""""http://pbs.twimg.com/profile_images/764620725823082501/wy9RrJwb_normal.jpg""""""",1329,516,"""""""en""""""",1472254887727,"""""""769295783279599616""""""",42738,"[21104, 54183]"
"""""""KIRiosityy""""""","""[ """"#nationaldogday"""" ]""","""""""http://pbs.twimg.com/profile_images/761498687784615940/RSfgWJVe_normal.jpg""""""",1077,459,"""""""en""""""",1472288936761,"""""""769461685144920064""""""",78595,"[47424, 64748, 21814, 73172, 85439, 51555, 32390]"
"""""""sueldooo""""""","""[ """"#nationaldogday"""" ]""","""""""http://pbs.twimg.com/profile_images/757239094728650752/Flnev3C8_normal.jpg""""""",363,235,"""""""en""""""",1472257649391,"""""""769297721182134276""""""",24924,[]
"""""""iteenagestyles""""""","""[ """"#respecttylerjoseph"""" ]""","""""""http://pbs.twimg.com/profile_images/765647951288950784/nFGZ_Kg0_normal.jpg""""""",13170,6897,"""""""en""""""",1472266265316,"""""""769305181871669248""""""",43214,[96646]
"""""""callideane""""""","""[ """"#nationaldogday"""" ]""","""""""http://pbs.twimg.com/profile_images/767538831142719488/BOwFJ6sA_normal.jpg""""""",354,279,"""""""en""""""",1472265912946,"""""""769304819882270720""""""",20811,"[54628, 68647, 42582]"
"""""""Spawnman625""""""","""[ """"#nationaldogday"""" ]""","""""""http://pbs.twimg.com/profile_images/639886207518961664/cjummFLU_normal.jpg""""""",181,443,"""""""en""""""",1472264672472,"""""""769303670114643972""""""",25056,"[33862, 58746, 84873, 76435, 13783, 54515, 54525, 21299, 47424]"
"""""""shelbrrae""""""","""[ """"#nationaldogday"""" ]""","""""""http://pbs.twimg.com/profile_images/755114319780601857/PDLbm-GE_normal.jpg""""""",213,363,"""""""en""""""",1472272590875,"""""""769311401437433856""""""",37272,"[71335, 27294, 25056, 51051, 46274, 50776]"
"""""""malmal107""""""","""[ """"#nationaldogday"""" ]""","""""""http://pbs.twimg.com/profile_images/768597655693975552/a3YadIa2_normal.jpg""""""",230,172,"""""""en""""""",1472264845045,"""""""769303896070168577""""""",78742,[86924]
"""""""jennrilloraza""""""","""[ """"#nationaldogday"""" ]""","""""""http://pbs.twimg.com/profile_images/763239377761738753/acqK4Fze_normal.jpg""""""",569,372,"""""""en""""""",1472271239924,"""""""769310220581351424""""""",68054,"[64963, 18756, 63336, 85096, 42059, 26641, 75509, 11257, 62524, 32446, 99615]"
"""""""miriamlass7""""""","""[ """"#nationaldogday"""" ]""","""""""http://pbs.twimg.com/profile_images/661139562111070208/kmJ9nQE9_normal.jpg""""""",348,456,"""""""en""""""",1472249091963,"""""""769293483760754693""""""",77735,"[84423, 87009, 11257, 27142, 34819, 83498, 73172, 17614, 48852]"
"""""""tbhanniiie""""""","""[ """"#respecttylerjoseph"""" ]""","""""""http://pbs.twimg.com/profile_images/729823380715806721/WezIR_qX_normal.jpg""""""",170,129,"""""""en""""""",1472267267297,"""""""769306257261989889""""""",63652,[]
"""""""AlfredAngelo""""""","""[ """"#nationaldogday"""" ]""","""""""http://pbs.twimg.com/profile_images/662680420358623232/qUatWK_4_normal.png""""""",18602,3222,"""""""en""""""",1472249079757,"""""""769293478354358272""""""",11005,"[60709, 84702, 94038, 27712, 11835]"
"""""""JoshKellams""""""","""[ """"#nationaldogday"""" ]""","""""""http://pbs.twimg.com/profile_images/708135090069475329/RQV1Yau3_normal.jpg""""""",563,406,"""""""en""""""",1472273202613,"""""""769312128817766400""""""",38480,"[32006, 86186, 30952, 76070, 84702, 32472]"
"""""""chrisftcats""""""","""[ """"#happybirthdaydylanobrien"""" ]""","""""""http://pbs.twimg.com/profile_images/727195204403511296/y7EEq8u6_normal.jpg""""""",355,282,"""""""en""""""",1472272352541,"""""""769308384621424640""""""",99615,"[87628, 64748, 26590, 67930, 88028, 26641, 69897, 40635, 26093, 20639]"
"""""""janellygarcia_""""""","""[ """"#nationaldogday"""" ]""","""""""http://pbs.twimg.com/profile_images/766394094985814020/h_BAhBZ9_normal.jpg""""""",398,217,"""""""en""""""",1472253306742,"""""""769295007664582656""""""",79388,"[89990, 28887, 64488, 29417, 58209, 54525]"
"""""""biebsusbelieves""""""","""[ """"#journalsstansparty"""" ]""","""""""http://pbs.twimg.com/profile_images/768676535033270272/6zRSw7NU_normal.jpg""""""",497,105,"""""""en""""""",1472805755092,"""""""771628526269108224""""""",59666,"[35253, 54515, 82512, 42474]"
"""""""LittleEmsleeee""""""","""[ """"#respecttylerjoseph"""" ]""","""""""http://pbs.twimg.com/profile_images/702594345908772866/L_gmjXPE_normal.jpg""""""",857,1103,"""""""en""""""",1472273149065,"""""""769312055467925505""""""",41999,"[27142, 96540, 79829]"
"""""""katie_horanxoxo""""""","""[ """"#louisweloveyou"""" ]""","""""""http://pbs.twimg.com/profile_images/764980947183890432/7faAaXTU_normal.jpg""""""",454,814,"""""""en""""""",1472268657025,"""""""769307604124311552""""""",26093,"[77221, 97686, 78307]"
"""""""RissaFirefly""""""","""[ """"#respecttylerjoseph"""" ]""","""""""http://pbs.twimg.com/profile_images/745652412514394113/pSZRiozR_normal.jpg""""""",311,319,"""""""en""""""",1472257165096,"""""""769297537400397829""""""",77720,"[64748, 97562, 79417]"
"""""""matoosack""""""","""[ """"#bundesliga"""" ]""","""""""http://pbs.twimg.com/profile_images/3401949724/66b064280769e472a012e5256b2bc58e_normal.png""""""",114,230,"""""""en""""""",1472253037651,"""""""769294758598602752""""""",48338,"[77720, 64013]"
"""""""garceathompson""""""","""[ """"#nationaldogday"""" ]""","""""""http://pbs.twimg.com/profile_images/604197637890301952/cVxqro7W_normal.jpg""""""",161,335,"""""""en""""""",1472288345237,"""""""769458949661667328""""""",54628,"[83498, 46274, 85439, 87009, 53165, 60628, 89663]"
"""""""ChomperDIV7""""""","""[ """"cape canaveral"""" ]""","""""""http://pbs.twimg.com/profile_images/757963147395239936/sfdJrBsb_normal.jpg""""""",302,2574,"""""""en""""""",1472745552519,"""""""771376805412384768""""""",67749,"[35931, 27712, 85439, 11005, 54841, 89999, 53463, 60240, 56281, 32662]"
"""""""eLevateTechno""""""","""[ """"#nationaldogday"""" ]""","""""""http://pbs.twimg.com/profile_images/761681149777342468/MQFozN69_normal.jpg""""""",773,151,"""""""en""""""",1472267920856,"""""""769306720002772996""""""",99150,"[34181, 54628, 50748, 83740, 95528, 86924, 31727, 11835]"
"""""""Towcestertaxis""""""","""[ """"#nationaldogday"""" ]""","""""""http://pbs.twimg.com/profile_images/3183538116/74ea62d8db217c67f61c271315d1b369_normal.jpeg""""""",986,1457,"""""""en""""""",1472272266757,"""""""769311068782993408""""""",20639,"[97053, 43754, 45660, 86924, 10365]"
"""""""lilbeanfinn""""""","""[ """"#respecttylerjoseph"""" ]""","""""""http://pbs.twimg.com/profile_images/765641293666086912/vQokqXXt_normal.jpg""""""",856,1576,"""""""en""""""",1472262994863,"""""""769298685310238721""""""",33250,"[90531, 33127, 35827, 76140, 95844]"
"""""""VINCommunity""""""","""[ """"#nationaldogday"""" ]""","""""""http://pbs.twimg.com/profile_images/583305842490920960/cDtBpg2z_normal.jpg""""""",563,105,"""""""en""""""",1472254590582,"""""""769295466425094144""""""",85885,"[64963, 18756, 23526, 63336, 85096, 42059, 62524, 26641, 30483, 75509, 56473, 83740, 11257, 99615]"
"""""""AtlanticRock""""""","""[ """"sum 41"""" ]""","""""""http://pbs.twimg.com/profile_images/2939351921/2b80ad500a743599ad676daf7ccce363_normal.png""""""",919,1091,"""""""en""""""",1472287883522,"""""""769457266462494720""""""",45954,"[30236, 72301, 69836, 41999, 54841, 83940, 21779, 78827, 20189]"
"""""""emilyw0163""""""","""[ """"#respecttylerjoseph"""" ]""","""""""http://pbs.twimg.com/profile_images/769064883568738305/dWZ9l_ry_normal.jpg""""""",337,456,"""""""en""""""",1472257953782,"""""""769295373907156992""""""",76404,"[86532, 61728, 78595, 76425, 25063, 30952, 44183, 97562, 21779]"
"""""""maileyhanes""""""","""[ """"#nationaldogday"""" ]""","""""""http://pbs.twimg.com/profile_images/762025329535750145/31SzEgDx_normal.jpg""""""",680,481,"""""""en""""""",1472256163546,"""""""769296606134808576""""""",23004,"[20241, 23526, 39483, 62781, 24482, 40635, 48114, 56281, 87130]"
"""""""Jkellz_5""""""","""[ """"#nationaldogday"""" ]""","""""""http://pbs.twimg.com/profile_images/755586755223576577/pHn2pW4f_normal.jpg""""""",392,505,"""""""en""""""",1472262339307,"""""""769302377153298433""""""",88028,[50776]
"""""""JasonBruderer""""""","""[ """"#ifa2016"""" ]""","""""""http://pbs.twimg.com/profile_images/755842460488568834/CGaxGRXW_normal.jpg""""""",1479,1415,"""""""en""""""",1472745554833,"""""""771376824807030784""""""",91782,"[83498, 54445, 33862, 65249, 12976]"
"""""""palmerbrittany_""""""","""[ """"#nationaldogday"""" ]""","""""""http://pbs.twimg.com/profile_images/721764224523866112/gTD2bdln_normal.jpg""""""",549,199,"""""""en""""""",1472268278579,"""""""769307133380734976""""""",48297,"[34181, 48297, 78664, 31523, 90963, 32390, 58746, 94979, 45660, 36652]"
"""""""caramelapplemeg""""""","""[ """"#backtohogwarts"""" ]""","""""""http://pbs.twimg.com/profile_images/729251928920588288/tGqLimKQ_normal.jpg""""""",593,263,"""""""en""""""",1472736066638,"""""""771337057419472896""""""",90733,"[34819, 90152, 34941, 58209, 47359, 90576]"
"""""""craicful""""""","""[ """"#respecttylerjoseph"""", """"#confidentfor5sos"""" ]""","""""""http://pbs.twimg.com/profile_images/770668873704153090/JykycSMN_normal.jpg""""""",16113,665,"""""""en""""""",1472732453403,"""""""769310623171809281""""""",12275,[]
"""""""singermalie""""""","""[ """"#nationaldogday"""" ]""","""""""http://pbs.twimg.com/profile_images/751196357914816512/bcTJjJnW_normal.jpg""""""",1109,146,"""""""en""""""",1472258971988,"""""""769298758400151552""""""",30483,"[59666, 56195, 75509, 86186]"
"""""""miran_chap""""""","""[ """"#nationaldogday"""" ]""","""""""http://pbs.twimg.com/profile_images/767273054627954688/4Z-MxfHO_normal.jpg""""""",176,182,"""""""en""""""",1472265045211,"""""""769304139499048960""""""",33083,"[87527, 95528, 45543, 71472, 98571, 26590]"
"""""""kkennynicole""""""","""[ """"#nationaldogday"""" ]""","""""""http://pbs.twimg.com/profile_images/768076875860025344/JraTNnko_normal.jpg""""""",194,229,"""""""en""""""",1472251666925,"""""""769294382780473345""""""",63078,"[54628, 52658, 20639, 18884, 25063, 38480, 31523, 94979, 35827]"
"""""""VxArc""""""","""[ """"#nationaldogday"""" ]""","""""""http://pbs.twimg.com/profile_images/652130130769375232/dAHXX20s_normal.jpg""""""",36906,37286,"""""""en""""""",1472272970503,"""""""769303657905094656""""""",66485,"[90627, 26641, 42136, 99615, 33083, 62524, 47424, 64963, 18756, 87755, 42059, 44897, 23526, 63336, 85096, 75509, 65654, 11257, 58746]"
"""""""wrb_charles""""""","""[ """"#nationaldogday"""" ]""","""""""http://pbs.twimg.com/profile_images/768892103816601601/x4zUVQmL_normal.jpg""""""",340,529,"""""""en""""""",1472261471053,"""""""769301376627277825""""""",45543,"[79417, 78742, 35931, 76435, 42136]"
"""""""noah_rosado58""""""","""[ """"#nationaldogday"""" ]""","""""""http://pbs.twimg.com/profile_images/764342264252346368/5-kRaYtO_normal.jpg""""""",273,292,"""""""en""""""",1472251615321,"""""""769294358755639297""""""",86186,"[63336, 76404, 78664, 58446]"
"""""""stephgraingerr""""""","""[ """"#nationaldogday"""" ]""","""""""http://pbs.twimg.com/profile_images/767853440303259648/vxnYx0B5_normal.jpg""""""",224,289,"""""""en""""""",1472250663479,"""""""769294102299041793""""""",67746,"[58209, 94452, 12354, 10988]"
"""""""spokaneindians""""""","""[ """"#nationaldogday"""" ]""","""""""http://pbs.twimg.com/profile_images/768290611552137216/ZGXhw-2y_normal.jpg""""""",7233,438,"""""""en""""""",1472256831047,"""""""769297290875985920""""""",71472,"[50446, 58992, 33083]"
"""""""NicoleTaffer""""""","""[ """"#nationaldogday"""" ]""","""""""http://pbs.twimg.com/profile_images/2438545766/692otf994epw731sjpmd_normal.jpeg""""""",18599,789,"""""""en""""""",1472274001572,"""""""769313103918030848""""""",87755,"[85885, 18648, 54515]"
"""""""Intermountain""""""","""[ """"#nationaldogday"""" ]""","""""""http://pbs.twimg.com/profile_images/207584311/Logo-for-Twitter_normal.jpg""""""",20584,11588,"""""""en""""""",1472255230418,"""""""769296117297184768""""""",77221,"[47359, 57429, 42738, 42059]"
"""""""thedonholly""""""","""[ """"#nationaldogday"""" ]""","""""""http://pbs.twimg.com/profile_images/756380830864318464/C6z_DKvh_normal.jpg""""""",1178,953,"""""""en""""""",1472271611482,"""""""769310625105272832""""""",95756,"[34355, 26641, 39483, 53463, 35827]"
"""""""leslygram""""""","""[ """"#nationaldogday"""" ]""","""""""http://pbs.twimg.com/profile_images/760737932193914881/uY9-siQZ_normal.jpg""""""",478,386,"""""""en""""""",1472287157131,"""""""769454213575258112""""""",51590,"[93033, 90576, 95625, 94038, 54841, 67355, 13783, 85439, 74346, 53165]"
"""""""Spo0pyPhan""""""","""[ """"#nationaldogday"""" ]""","""""""http://pbs.twimg.com/profile_images/767389722465275907/Hhiwg72G_normal.jpg""""""",434,306,"""""""en""""""",1472264457460,"""""""769303393051418624""""""",85439,"[71991, 76435, 98571, 32446, 10988]"
"""""""tylerjoseoh""""""","""[ """"#respecttylerjoseph"""" ]""","""""""http://pbs.twimg.com/profile_images/766602837836967938/f0aRIWO4_normal.jpg""""""",277,289,"""""""en""""""",1472263105289,"""""""769301390107619328""""""",54525,"[20639, 16365, 15113, 97562, 32390]"
"""""""kristiebrown15""""""","""[ """"#nationaldogday"""" ]""","""""""http://pbs.twimg.com/profile_images/743840458623819776/sVwpw612_normal.jpg""""""",294,534,"""""""en""""""",1472249264388,"""""""769293557639372801""""""",31728,[34941]
"""""""calieee_lynnn""""""","""[ """"#nationaldogday"""" ]""","""""""http://pbs.twimg.com/profile_images/753300892271738882/7_U2-Am__normal.jpg""""""",119,155,"""""""en""""""",1472268576696,"""""""769307502139715585""""""",51555,"[78595, 64963, 18756, 30952, 63336, 85096, 42059, 26641, 30483, 20467, 75509, 11257, 62524, 99615]"
"""""""LVCVA""""""","""[ """"#nationaldogday"""" ]""","""""""http://pbs.twimg.com/profile_images/2353187879/288wgwdcnjgyuskdh1g3_normal.jpeg""""""",41307,1238,"""""""en""""""",1472251914266,"""""""769294495280078848""""""",40978,"[58209, 37000, 25063, 90152, 84273]"
"""""""picklemags""""""","""[ """"#respecttylerjoseph"""" ]""","""""""http://pbs.twimg.com/profile_images/763988749906694145/ErEFQKr3_normal.jpg""""""",722,719,"""""""en""""""",1472250821495,"""""""769294167159611394""""""",57429,"[64963, 18756, 76070, 27142, 63336, 85096, 42059, 82512, 26641, 75509, 53463, 11257, 40635, 62524, 99615]"
"""""""whatsmma""""""","""[ """"#nationaldogday"""" ]""","""""""http://pbs.twimg.com/profile_images/725074062431510528/Crn23_pq_normal.jpg""""""",108,222,"""""""en""""""",1472258533415,"""""""769298475443888128""""""",96540,"[90531, 18884, 64963, 18756, 63336, 85096, 42059, 11257, 26641, 75509, 56473, 62524, 72669, 99615]"
"""""""mrdhey16""""""","""[ """"#nationaldogday"""" ]""","""""""http://pbs.twimg.com/profile_images/471464066154635264/iW517EKJ_normal.jpeg""""""",232,1128,"""""""en""""""",1472266921535,"""""""769305945079971841""""""",29417,[78827]
